"id","name","status","logo","latitude","longitude","created_at","updated_at","corporation_id","segment_id","zone","country","has_integration"
20370,COTIA/SP,false,customers/673/site_20370.png,-23.5980000,-46.8980000,2024-03-18 14:46:39.640 -0300,2025-09-18 13:52:02.353 -0300,673,35,SAZ,MTQ,false
20889,"GUAYAQUIL, ECUADOR",true,customers/871/site_20889.jpeg,-2.0699908,-79.9416320,2026-01-07 19:30:36.338 -0300,2026-01-07 19:30:36.613 -0300,871,2,NAZ,ECU,false
20894,SAZ - YPANE PARAGUAI - YP,true,customers/1/site_20894.jpeg,-25.4759975,-57.5155725,2026-01-15 09:37:49.700 -0300,2026-01-15 09:37:50.686 -0300,1,41,SAZ,PRY,false
20693,TANGARA DA SERRA/MT,true,customers/765/site_20693.jpeg,-14.6314500,-57.5505300,2025-05-20 14:50:16.359 -0300,2026-01-20 14:17:51.861 -0300,765,42,SAZ,BRA,false
20398,M-TESTE_FABRICA,true,"",0.0000000,0.0000000,2024-07-04 10:27:13.997 -0300,2026-02-03 14:17:04.283 -0300,54,2,SAZ,BRA,false
20968,MARINGA/PR,true,"",-23.4273000,-51.9375000,2026-07-03 14:32:06.975 -0300,2026-07-03 14:32:06.975 -0300,738,41,SAZ,BRA,false
19924,TESTE,false,customers/626/site_19924.jpg,0.0000000,0.0000000,2023-12-13 18:40:53.881 -0300,2026-02-03 14:17:23.627 -0300,626,1,SAZ,BRA,false
9161,"SEDALIA, MO",true,"",0.0000000,0.0000000,2023-10-23 13:50:33.146 -0300,2024-07-05 09:26:53.607 -0300,581,1,NAZ,,false
20438,SIDERURGIA  VOLTA REDONDA/RJ,true,customers/709/site_20438.jpeg,-23.4584600,-45.0350800,2024-08-26 14:08:46.304 -0300,2025-11-27 10:13:06.092 -0300,709,39,SAZ,BRA,false
20902,ATIVIDADE PRATICA,true,customers/627/site_20902.jpeg,-22.5322879,-47.3900735,2026-02-13 14:39:28.867 -0300,2026-02-13 14:39:29.770 -0300,627,70,SAZ,BRA,false
20362,BRASIL,true,"",0.0000000,0.0000000,2024-01-19 09:50:05.667 -0300,2024-04-18 15:36:13.855 -0300,667,38,SAZ,,false
20923,BRAGANCA PAULISTA/SP,true,customers/753/site_20923.jpeg,-22.8600000,-46.4700000,2026-03-25 16:35:32.948 -0300,2026-03-25 16:35:56.248 -0300,753,41,SAZ,BRA,false
20912,WISCONSIN,true,"",0.0000000,0.0000000,2026-03-09 09:52:47.106 -0300,2026-07-21 14:07:05.599 -0300,881,69,NAZ,USA,false
10441,PORTAL DAS ROSAS,true,customers/54/site_10441.jpg,0.0000000,0.0000000,2023-03-20 10:29:28.321 -0300,2025-02-19 07:51:30.379 -0300,54,2,SAZ,SGS,true
20444,APAC-HARBIN CHINA - HRB,true,customers/1/site_20444.png,45.7500000,126.6333310,2024-09-04 02:58:58.015 -0300,2025-08-18 08:16:21.304 -0300,1,41,APAC,CHN,false
20584,SAZ - CERVEJARIA ÁGUAS CLARAS DO SUL - CS,true,customers/1/site_20584.png,-30.1749870,-50.8688610,2025-02-11 16:15:38.562 -0300,2026-03-24 17:09:00.655 -0300,1,41,SAZ,BRA,true
20628,NAZ - RIVERSIDE USA - RIV,true,customers/1/site_20628.jpeg,34.0313660,-117.5216820,2025-03-15 14:40:02.565 -0300,2026-04-06 13:46:04.949 -0300,1,41,NAZ,USA,false
20473,LOS VOLCANES,false,customers/370/site_20473.png,14.5759200,-91.6429040,2024-09-24 14:00:33.571 -0300,2025-07-30 07:42:24.099 -0300,740,41,MAZ,SGS,false
20463,SÃO PAULO/SP,true,customers/734/site_20463.jpg,-23.5718000,-46.7029000,2024-09-09 17:27:51.986 -0300,2025-08-08 08:11:43.849 -0300,734,44,SAZ,BRA,false
20392,DC WATER,true,"",38.9209000,-77.0162000,2024-06-12 15:19:02.512 -0300,2024-07-05 09:28:33.109 -0300,679,44,NAZ,,false
20871,PASSOS/MG,true,"",-20.6952420,-46.5716870,2025-10-24 09:44:07.593 -0300,2025-10-24 09:44:07.593 -0300,713,41,SAZ,BRA,false
20442,INDSTRIA E COMRCIO DE EMBALAGEM LTDA,false,customers/711/site_20442.png,0.0000000,0.0000000,2024-09-02 11:01:25.199 -0300,2025-10-13 10:56:33.028 -0300,711,70,SAZ,FSM,false
20928,SAZ - CARAMBEI VIDROS / VP,true,customers/1/site_20928.jpeg,0.0000000,0.0000000,2026-04-02 16:27:40.097 -0300,2026-04-07 09:01:21.892 -0300,1,41,SAZ,BRA,false
20483,LINS/SP - PLANTA DESATIVADA,false,customers/744/site_20483.jpg,-21.6697810,-49.7888240,2024-09-27 12:54:55.793 -0300,2025-01-29 09:06:43.925 -0300,744,69,SAZ,SGS,false
20932,BALL GUARAMBARE PARAGUAY - LATAS,true,customers/875/site_20932.jpeg,0.0000000,0.0000000,2026-04-17 13:43:12.020 -0300,2026-04-17 13:43:12.553 -0300,875,70,SAZ,PRY,false
9718,MISAMIS ORIENTAL,true,customers/370/site_9718.jpeg,12.2276400,121.1192700,2023-03-09 09:53:00.893 -0300,2026-05-05 22:18:51.275 -0300,370,41,APAC,PHL,false
20947,COMPONENTES QUERETARO,true,customers/871/site_20947.jpeg,20.6289602,-100.4382935,2026-05-27 12:47:53.149 -0300,2026-05-27 12:47:53.615 -0300,871,2,NAZ,MEX,false
20939,BACOLOD,true,customers/370/site_20939.jpeg,10.6320000,122.9800000,2026-05-05 22:22:56.335 -0300,2026-05-05 22:22:56.818 -0300,370,41,APAC,PHL,false
20386,LUCAS DO RIO VERDE/MT,false,customers/675/site_20386.png,0.0000000,0.0000000,2024-05-14 09:32:19.430 -0300,2025-10-13 11:06:43.861 -0300,675,36,SAZ,CHE,false
20469,CAMPINA GRANDE/PB,true,customers/737/site_20469.JPG,0.0000000,0.0000000,2024-09-23 14:39:44.836 -0300,2026-05-08 13:13:41.285 -0300,737,1,SAZ,JPN,false
20940,"M-LADY LAKE, FL",true,"",28.5401890,-81.3796230,2026-05-12 16:20:36.341 -0300,2026-05-12 20:48:04.675 -0300,892,69,SAZ,USA,false
20467,SANTA RITA/PB,true,customers/737/site_20467.JPG,0.0000000,0.0000000,2024-09-23 14:30:57.729 -0300,2026-05-13 13:40:04.043 -0300,737,1,SAZ,BVT,false
20547,ALBERT EINSTEIN,true,customers/763/site_20547.png,0.0000000,0.0000000,2025-01-03 10:45:39.290 -0300,2025-06-27 08:59:26.985 -0300,763,35,SAZ,BRA,false
20976,PONTA GROSSA/PR,true,customers/713/site_20976.jpeg,0.0000000,0.0000000,2026-07-23 16:39:23.347 -0300,2026-07-23 16:39:23.891 -0300,713,41,SAZ,BRA,false
20875,CHELMSFORD,true,customers/760/site_20875.jpeg,42.5914300,-71.3238000,2025-11-14 15:00:26.193 -0300,2025-11-14 15:00:26.899 -0300,760,70,NAZ,USA,false
20485,"BULACAN, PHILIPPINES",true,customers/746/site_20485.png,15078792.0000000,12094081.0000000,2024-09-30 09:31:15.451 -0300,2025-11-16 23:25:33.358 -0300,746,46,APAC,PHL,false
20452,ZIYANG CHINA - ZIY - INATIVA,false,customers/1/site_20452.png,104.6500000,30.0900000,2024-09-06 02:49:25.527 -0300,2025-11-16 23:30:07.573 -0300,1,41,APAC,CHN,false
20446,APAC - ZHANGZHOU CHINA - ZHZ,true,customers/1/site_20446.png,34.7875592,113.6882966,2024-09-06 02:09:35.333 -0300,2025-11-16 23:28:35.974 -0300,1,41,APAC,CHN,false
20475,MARILIA/SP - BAAK,true,customers/738/site_20475.png,-22.2267060,-49.9071000,2024-09-25 07:43:10.203 -0300,2024-10-30 09:14:54.734 -0300,738,41,SAZ,,false
20440,BARCARENA/PA,true,customers/710/site_20440.JPG,0.0000000,0.0000000,2024-08-29 09:06:39.495 -0300,2025-11-21 12:29:33.863 -0300,710,68,SAZ,MAC,false
20477,CAMPO GRANDE/MS - BAAF,true,customers/738/site_20477.png,-20.5001350,-54.6068330,2024-09-25 16:07:33.059 -0300,2024-10-30 09:14:34.182 -0300,738,41,SAZ,,false
20434,JACOBS - THE VILLAGES FL,false,customers/705/site_20434.jpeg,40.0900000,-75.4100000,2024-07-30 09:13:58.124 -0300,2025-11-26 14:18:44.792 -0300,705,44,NAZ,CPV,false
20430,M-PASSO FUNDO/RS,true,customers/701/site_20430.jpg,-28.2388109,-52.3987817,2024-07-08 09:16:52.424 -0300,2026-05-22 14:02:01.906 -0300,701,36,SAZ,BRA,false
20471,ITABIRITO/MG - BAAG,true,customers/738/site_20471.png,-20.2305300,-43.9649800,2024-09-24 09:35:36.106 -0300,2024-10-30 09:15:19.117 -0300,738,41,SAZ,,false
20479,AFR - ROSSLYN SOUTH AFRICA - ROS,true,customers/1/site_20479.png,-25.6227000,28.0880390,2024-09-26 13:17:40.823 -0300,2025-05-21 19:43:08.902 -0300,1,41,AFR,SGS,false
20481,PEPSICO SOROCABA,true,customers/742/site_20481.JPG,0.0000000,0.0000000,2024-09-26 17:04:57.122 -0300,2024-09-26 17:04:57.436 -0300,742,41,SAZ,,false
20487,JUNDIAI/SP,true,customers/748/site_20487.png,-23.1522310,-47.0134440,2024-09-30 16:52:49.907 -0300,2024-09-30 16:52:51.191 -0300,748,67,SAZ,,false
20491,FORTE,true,customers/683/site_20491.png,0.0000000,0.0000000,2024-10-01 13:09:25.729 -0300,2024-10-01 13:09:26.019 -0300,683,46,SAZ,,false
20448,APAC-WENZHOU - CHINA,true,customers/1/site_20448.png,23.1258114,113.2830516,2024-09-06 02:14:50.094 -0300,2025-08-18 08:16:09.569 -0300,1,41,APAC,CHN,false
20432,WMS - JACKSONVILLE/FL,true,customers/703/site_20432.png,30.2500000,81.3300000,2024-07-25 14:00:58.828 -0300,2024-10-03 15:19:39.821 -0300,703,39,NAZ,,false
19443,TRES LAGOAS/MS,true,customers/625/site_19443.jpg,0.0000000,0.0000000,2023-07-21 08:20:50.932 -0300,2024-12-27 11:14:56.926 -0300,625,40,SAZ,,false
20513,BOITUVA/SP,true,customers/753/site_20513.png,-23.2545000,-47.6624000,2024-10-16 13:28:57.795 -0300,2026-03-25 16:36:37.866 -0300,753,41,SAZ,BRA,false
19925,CASA DE MAQUINAS,true,customers/627/site_19925.png,0.0000000,0.0000000,2024-01-05 09:41:50.318 -0300,2025-04-09 09:44:54.603 -0300,627,2,SAZ,SPM,false
20397,PED PORTAL,true,"",0.0000000,0.0000000,2024-07-04 10:25:15.208 -0300,2025-05-01 11:14:07.555 -0300,54,2,SAZ,BRA,false
20895,GRAXARIA - TANGARA DA SERRA/MT,true,customers/765/site_20895.jpeg,-14.6314500,-57.5505300,2026-01-20 14:13:47.502 -0300,2026-01-20 14:33:17.690 -0300,765,42,SAZ,BRA,false
20680,IPAMERI/GO,true,customers/707/site_20680.jpeg,-17.7431820,-48.1754260,2025-05-02 09:30:57.983 -0300,2026-07-04 21:29:01.230 -0300,707,69,SAZ,BRA,false
20453,APAC - XINXIANG CHINA - XIX,true,customers/1/site_20453.png,114.0000000,35.4400000,2024-09-06 02:52:34.325 -0300,2025-11-16 23:27:59.132 -0300,1,41,APAC,CHN,false
12641,GRAND ISLAND/NE,true,"",0.0000000,0.0000000,2023-12-05 16:11:21.187 -0300,2025-12-17 16:54:04.201 -0300,873,42,NAZ,USA,true
20606,BEARDSTOWN/IL,true,customers/874/site_20606.jpeg,39.9934250,-90.4040920,2025-02-20 13:34:14.242 -0300,2026-01-12 16:22:40.463 -0300,874,69,NAZ,USA,true
20910,MANIZALES - COLOMBIA,true,"",0.0000000,0.0000000,2026-03-03 11:16:37.942 -0300,2026-07-21 14:06:47.024 -0300,871,2,SAZ,COL,false
20363,SMQ SAINT LOUIS STL,true,customers/54/site_20363.png,38.6935270,-90.4440200,2024-01-22 15:24:57.235 -0300,2025-03-05 17:09:02.005 -0300,54,2,NAZ,SGS,false
20472,ARAGUARI/MG,false,customers/739/site_20472.png,-18.6893850,-48.1545680,2024-09-24 10:01:43.229 -0300,2025-08-21 11:56:33.384 -0300,739,45,SAZ,SGS,false
20389,USINA - IRACEMÁPOLIS/SP,true,customers/676/site_20389.png,-22.5808750,-47.5273973,2024-05-15 14:47:17.759 -0300,2025-02-05 16:36:19.982 -0300,676,37,SAZ,BRA,false
20533,"M-WACO, TX",true,"",31.4900000,-97.1900000,2024-11-11 23:25:18.966 -0300,2026-05-12 20:48:31.396 -0300,757,69,NAZ,USA,false
20522,BR00132 - ARAUJO  CONTAGEM - MG,true,customers/755/site_20522.jpeg,-19.9599550,-44.0199320,2024-10-28 10:54:31.240 -0300,2026-02-19 11:36:48.639 -0300,755,38,SAZ,BRA,false
20433,GUARATINGUETA/SP,true,customers/704/site_20433.png,0.0000000,0.0000000,2024-07-29 08:30:13.724 -0300,2024-10-03 15:20:05.994 -0300,704,67,SAZ,,false
20468,CARPINA/PE,true,customers/737/site_20468.JPG,0.0000000,0.0000000,2024-09-23 14:32:06.002 -0300,2026-05-16 12:06:08.406 -0300,737,1,SAZ,MUS,false
11761,PECEM - FORTALEZA/CE,true,"",0.0000000,0.0000000,2023-11-10 15:20:26.689 -0300,2025-11-04 17:24:09.225 -0300,369,38,SAZ,BRA,false
18224,PETERSBURG/VA,true,"",0.0000000,0.0000000,2023-03-20 14:56:48.020 -0300,2025-06-09 16:57:47.135 -0300,198,39,NAZ,USA,false
20445,CAMBODIA,true,customers/713/site_20445.png,11535573.0000000,10493965.0000000,2024-09-04 08:50:46.988 -0300,2025-11-16 23:28:19.534 -0300,713,41,APAC,KHM,false
20375,SANTANA DO DESERTO/MG,true,customers/674/site_20375.png,-21.9648210,-43.1542400,2024-04-16 10:12:10.501 -0300,2024-04-18 15:33:51.372 -0300,674,36,SAZ,,false
19782,CHARLOTTE/NC,true,"",0.0000000,0.0000000,2023-09-22 11:53:00.757 -0300,2025-06-09 16:57:33.142 -0300,198,39,NAZ,USA,false
20565,ARAGUAINA/TO - ARN,true,customers/765/site_20565.png,-7.2808570,-48.2677020,2025-01-30 16:07:49.826 -0300,2025-11-25 08:28:26.023 -0300,765,69,SAZ,BRA,false
20550,SAZ - CERVEJARIA RIO DE JANEIRO - NR,true,customers/1/site_20550.png,-22.9471580,-43.3365140,2025-01-07 16:04:38.277 -0300,2026-03-24 17:04:45.518 -0300,1,41,SAZ,BRA,true
20913,M-SOPERTON,true,"",0.0000000,0.0000000,2026-03-09 10:30:09.582 -0300,2026-03-09 10:30:09.582 -0300,882,36,NAZ,USA,false
20451,APAC - WUHAN CHINA - WUH,true,customers/1/site_20451.png,114.1700000,30.5900000,2024-09-06 02:46:46.825 -0300,2025-08-18 08:15:53.440 -0300,1,41,APAC,CHN,false
20385,MOEMA/SP,true,customers/268/site_20385.jpg,0.0000000,0.0000000,2024-05-09 13:51:12.395 -0300,2026-05-21 15:38:08.432 -0300,268,37,SAZ,BRA,false
20369,"HOMESTEAD,FL",true,customers/672/site_20369.png,25.5130000,-80.5500000,2024-03-18 10:15:23.323 -0300,2026-05-22 10:29:18.907 -0300,672,2,NAZ,USA,false
20391,ITAPEVI/SP - PRODUÇÃO,true,customers/678/site_20391.png,-23.5473460,-46.9296420,2024-06-03 10:45:11.885 -0300,2025-03-27 09:51:07.825 -0300,678,35,SAZ,BRA,false
19482,WILTON/IA,true,"",0.0000000,0.0000000,2023-07-19 12:47:51.832 -0300,2025-06-09 16:57:40.891 -0300,198,39,NAZ,USA,false
20492,AFR-ALRODE SOUTH AFRICA - ALR,true,customers/1/site_20492.png,-26.3124760,28.1366420,2024-10-01 15:54:53.574 -0300,2025-05-21 19:46:52.016 -0300,1,41,AFR,ZAF,false
20694,TPD-VITÓRIA/ES,true,"",0.0000000,0.0000000,2025-05-27 21:52:25.540 -0300,2026-03-10 08:48:09.723 -0300,369,38,SAZ,BRA,false
20435,PALOTINA/PR,true,customers/706/site_20435.png,0.0000000,0.0000000,2024-08-06 11:18:49.474 -0300,2026-06-09 14:46:47.958 -0300,706,68,SAZ,ATG,false
20480,M-TELEMACO BORBA/PR,true,customers/741/site_20480.png,-24.3041690,-50.6107000,2024-09-26 14:51:36.417 -0300,2026-06-17 15:08:10.687 -0300,741,40,SAZ,CYM,false
17481,FORT SMITH/AR,true,"",0.0000000,0.0000000,2023-07-19 15:37:24.035 -0300,2025-06-09 16:58:01.635 -0300,198,39,NAZ,USA,false
20439,CIMENTO  VOLTA REDONDA/RJ,true,customers/709/site_20439.jpeg,-22.5087000,-44.1022000,2024-08-26 14:15:12.554 -0300,2025-11-21 12:36:44.299 -0300,709,39,SAZ,BRA,false
20388,SORRISO/MT,false,customers/675/site_20388.png,0.0000000,0.0000000,2024-05-14 09:33:31.868 -0300,2025-11-27 10:20:34.829 -0300,675,36,SAZ,KAZ,false
20441,ITAITUBA/PA,true,customers/710/site_20441.JPG,0.0000000,0.0000000,2024-08-29 09:07:20.505 -0300,2024-08-29 09:07:21.070 -0300,710,68,SAZ,,false
14481,NAZ - HOUSTON USA - WEST - HTN,true,"",0.0000000,0.0000000,2023-03-20 09:39:19.518 -0300,2026-04-06 13:19:45.692 -0300,1,41,NAZ,USA,false
15461,JACKSON/TN,true,"",0.0000000,0.0000000,2023-07-19 13:12:58.034 -0300,2025-03-25 08:52:35.413 -0300,198,39,NAZ,USA,false
20559,SAZ - CERVEJARIA JAGUARIUNA - JG,true,customers/1/site_20559.png,-22.7105130,-47.0105840,2025-01-25 14:28:32.018 -0300,2026-03-24 17:11:14.160 -0300,1,41,SAZ,BRA,false
20437,IBIPORA/PR,false,customers/708/site_20437.jpeg,-23.1509650,-51.0054590,2024-08-07 11:19:09.624 -0300,2026-06-18 19:22:40.617 -0300,708,69,SAZ,BRA,false
20443,BRAVO,true,customers/683/site_20443.JPG,0.0000000,0.0000000,2024-09-03 14:52:28.914 -0300,2024-09-03 14:52:29.333 -0300,683,46,SAZ,,false
20933,"ATHENS, TX-DESATIVADO",false,"",0.0000000,0.0000000,2026-04-23 09:46:20.319 -0300,2026-04-23 16:45:24.542 -0300,890,2,SAZ,USA,false
12401,NAZ - SAINT LOUIS USA - WEST - STL,true,"",38.6003200,-90.2135900,2023-12-05 11:06:59.174 -0300,2025-08-27 10:33:01.075 -0300,1,41,NAZ,USA,false
20470,MONTES CLAROS/MG,true,customers/737/site_20470.JPG,0.0000000,0.0000000,2024-09-23 14:40:23.884 -0300,2026-04-24 14:04:13.266 -0300,737,1,SAZ,UMI,false
20474,PORTO ALEGRE/RS - BAAO,true,customers/738/site_20474.png,-29.9708650,51.1198903,2024-09-24 14:19:19.330 -0300,2025-10-13 11:07:55.099 -0300,738,41,SAZ,KAZ,false
20466,PRIMAVERA DO LESTE/MT,false,customers/675/site_20466.png,-14.9535000,-54.2955000,2024-09-23 13:24:04.087 -0300,2025-10-13 11:05:36.935 -0300,675,36,SAZ,MNG,false
20478,JUNDIAÍ/SP - BAAD,true,customers/738/site_20478.png,-23.1723500,-46.9539200,2024-09-25 22:14:52.916 -0300,2024-10-30 09:14:24.932 -0300,738,41,SAZ,,false
20484,CITRUS - BEBEDOURO/SP,false,customers/745/site_20484.jpg,-20.9361900,-48.5281880,2024-09-27 14:35:58.627 -0300,2025-10-01 13:33:09.204 -0300,745,41,SAZ,BRA,false
20486,SOROCABA/SP,true,customers/747/site_20486.jpg,-23.4539500,-47.4020840,2024-09-30 14:33:27.397 -0300,2024-09-30 14:33:27.758 -0300,747,68,SAZ,,false
20393,VIDOR/TX,true,customers/680/site_20393.png,30.0905650,-94.0722020,2024-06-25 17:36:22.517 -0300,2024-10-03 15:18:52.295 -0300,680,39,NAZ,,false
20490,FRADE,true,customers/683/site_20490.png,0.0000000,0.0000000,2024-10-01 13:09:01.142 -0300,2024-10-01 13:09:01.488 -0300,683,46,SAZ,,false
20476,BAURU/SP - BOAC,true,customers/738/site_20476.png,-22.2287520,-48.9964160,2024-09-25 08:09:26.336 -0300,2024-10-30 09:14:43.764 -0300,738,41,SAZ,,false
20515,AFR-ACCRA PLANT GHANA  - ACC,true,customers/1/site_20515.png,5.5560720,-0.2161690,2024-10-24 09:18:20.094 -0300,2025-05-21 19:44:51.102 -0300,1,41,AFR,GHA,false
20534,APAC -NANCHANG CHINA - NAC,true,customers/1/site_20534.png,45.5954430,126.7196280,2024-11-13 13:05:51.571 -0300,2025-08-18 08:14:57.959 -0300,1,41,APAC,CHN,false
20512,AFR-LUSAKA ZAMBIA - LUS,true,customers/1/site_20512.png,-15.3927240,28.2475650,2024-10-15 15:56:25.108 -0300,2025-05-21 19:45:00.794 -0300,1,41,AFR,ZMB,false
20508,AFR-MALUTI LESOTHO - MAL,true,customers/1/site_20508.png,-29.2973330,27.4835250,2024-10-14 13:34:20.691 -0300,2025-05-21 19:45:15.708 -0300,1,41,AFR,LSO,false
20507,AFR-LUSAKA MALTINGS - ZAMBIA,true,customers/1/site_20507.png,-15.3890350,28.2449840,2024-10-11 11:36:34.992 -0300,2025-05-21 19:45:55.262 -0300,1,41,AFR,ZMB,false
20532,CRUZ ALTA/SP,true,customers/756/site_20532.png,-20.6921000,-49.1087000,2024-11-11 12:58:35.055 -0300,2025-03-24 10:23:03.032 -0300,756,37,SAZ,BRA,false
20566,MIRASSOL DOESTE/MT - MSO,true,customers/765/site_20566.png,-15.6966110,-58.1226960,2025-01-30 16:09:13.917 -0300,2026-01-20 14:22:27.015 -0300,765,69,SAZ,BRA,false
20539,"BEDFORD PARK, IL",true,customers/760/site_20539.png,41.7600000,-87.7700000,2024-12-03 17:40:26.942 -0300,2025-03-24 15:22:41.520 -0300,760,70,NAZ,USA,false
20499,AFR-IBHAYI SOUTH AFRICA - IBH,true,customers/1/site_20499.png,-33.8376420,25.5419090,2024-10-02 10:55:18.138 -0300,2025-05-21 19:46:05.626 -0300,1,41,AFR,ZAF,false
20511,AFR - MAPUTO BREWERY - MOZAMBIQUE,true,customers/1/site_20511.png,-25.6821640,32.6580580,2024-10-14 16:34:43.786 -0300,2025-05-21 19:49:58.319 -0300,1,41,AFR,MOZ,false
20703,GUARULHOS,false,customers/782/site_20703.jpeg,-23.4682860,-46.4337120,2025-06-04 13:23:51.809 -0300,2025-12-30 09:44:20.169 -0300,782,34,SAZ,BRA,false
20752,TIOP - OURO PRETO/MG,true,customers/369/site_20752.jpeg,0.0000000,0.0000000,2025-07-28 08:23:00.720 -0300,2026-03-10 08:49:21.074 -0300,369,38,SAZ,BRA,false
20502,M-BROOKS/ALTA,true,customers/752/site_20502.png,50.6188970,-111.9368650,2024-10-03 15:46:42.885 -0300,2025-12-28 23:16:47.340 -0300,752,69,NAZ,CAN,true
20514,AFR - MBARARA UGANDA - MBA,true,customers/1/site_20514.png,-0.6056240,30.6589980,2024-10-16 13:43:07.194 -0300,2025-05-21 19:48:03.934 -0300,1,41,AFR,UGA,false
20540,"BRIDGEVIEW, IL",true,customers/760/site_20540.png,41.7400000,-87.8100000,2024-12-03 17:42:08.421 -0300,2025-03-24 15:22:56.870 -0300,760,70,NAZ,USA,false
20504,AFR - ILESA BREWERY - NIGERIA - ILE,true,customers/1/site_20504.jpg,7.6258030,4.7833210,2024-10-07 10:08:12.558 -0300,2025-05-21 19:54:46.329 -0300,1,41,AFR,NGA,false
20516,TPSL - SÃO LUIS/MA,true,customers/369/site_20516.png,0.0000000,0.0000000,2024-10-24 15:15:57.207 -0300,2026-03-10 08:47:07.296 -0300,369,38,SAZ,VIR,false
20500,TECH CENTER,true,customers/54/site_20500.jpeg,22.5325120,47.3899610,2024-10-03 11:38:03.565 -0300,2025-05-21 13:24:42.197 -0300,54,2,SAZ,BRA,false
20525,AFR-KGALAGADI BOTSWANA - BOT,true,customers/1/site_20525.png,-24.6317630,25.9192040,2024-10-29 16:10:36.830 -0300,2025-05-21 19:44:08.059 -0300,1,41,AFR,BWA,false
20517,M-DEMONSTRATION,true,customers/754/site_20517.jpeg,-12.9836000,-38.4330000,2024-10-25 09:01:10.527 -0300,2026-05-22 09:58:52.471 -0300,754,2,SAZ,USA,false
20506,AFR - JINJA UGANDA - JI,true,customers/1/site_20506.png,0.4392000,33.1798400,2024-10-11 11:14:29.948 -0300,2025-11-03 10:22:26.458 -0300,1,41,AFR,UGA,false
20523,AFR - NAMPULA MOZAMBIQUE - NMP,true,customers/1/site_20523.png,-15.1402600,39.2002200,2024-10-28 13:34:28.930 -0300,2025-05-21 19:49:47.691 -0300,1,41,AFR,MOZ,false
20579,SAZ - CERVEJARIA SANTA CATARINA - SC,true,customers/1/site_20579.png,-28.7344120,-49.4766330,2025-02-09 20:01:25.435 -0300,2026-06-12 15:32:57.950 -0300,1,41,SAZ,BRA,true
20541,MINERAÇÃO - MAGÉ/RJ,true,customers/759/site_20541.jpeg,-22.6372000,-43.0631000,2024-12-04 09:37:31.455 -0300,2025-05-23 12:48:45.779 -0300,759,39,SAZ,BRA,false
20722,MAZ - CROWN ZACATECAS MEXICO - TZAC,true,customers/1/site_20722.jpeg,0.0000000,0.0000000,2025-06-26 11:23:36.110 -0300,2025-09-01 09:19:45.175 -0300,1,41,MAZ,MEX,false
20538,APAC - ZIYANG CHINA - ZIY,true,customers/1/site_20538.png,30.1272740,104.6252020,2024-11-28 08:00:24.697 -0300,2025-11-16 23:30:31.998 -0300,1,41,APAC,CHN,false
20695,CANLUBANG,true,customers/370/site_20695.jpeg,14.2271600,121.1170400,2025-05-27 23:16:19.503 -0300,2025-05-27 23:28:35.528 -0300,370,41,APAC,PHL,false
20527,AFR - OKAHANDJA NAMIBIA - OKA,true,customers/1/site_20527.png,-21.9671380,16.8966890,2024-11-04 13:45:16.755 -0300,2025-07-03 17:41:50.151 -0300,1,41,AFR,NAM,false
20537,UBERABA/MG,true,customers/114/site_20537.jpg,-19.7006020,-47.9874220,2024-11-27 07:43:46.204 -0300,2025-10-08 14:49:54.884 -0300,114,70,SAZ,BRA,true
20934,BUNGE SILOS - PORTO ALEGRE DO NORTE/MT,true,customers/891/site_20934.jpeg,0.0000000,0.0000000,2026-04-23 09:51:26.169 -0300,2026-04-23 09:51:26.658 -0300,891,69,SAZ,BRA,false
20733,ITATIBA/SP,true,customers/792/site_20733.jpeg,-23.0449760,-46.8591960,2025-07-03 10:12:35.964 -0300,2025-07-03 10:12:36.692 -0300,792,67,SAZ,BRA,false
20501,CONROE/TX,true,customers/751/site_20501.jpg,30.1324660,-95.5540890,2024-10-03 14:17:50.615 -0300,2024-10-03 15:19:46.821 -0300,703,2,NAZ,,false
20548,NAZ - CARTERSVILLE USA - EAST - CVL,true,customers/1/site_20548.png,34.2555890,-84.7833530,2025-01-07 13:03:52.036 -0300,2026-04-06 13:21:04.950 -0300,1,41,NAZ,USA,false
20736,VLI LOCOMOTIVAS,true,customers/667/site_20736.jpeg,0.0000000,0.0000000,2025-07-07 09:11:09.747 -0300,2025-07-07 09:16:10.136 -0300,667,38,SAZ,BRA,false
20756,TIPN - PORTO NACIONAL/TO,true,customers/369/site_20756.jpeg,0.0000000,0.0000000,2025-07-28 08:26:11.858 -0300,2026-03-10 08:51:33.061 -0300,369,38,SAZ,BRA,false
20520,SANTA MARIA/RS - BAAR,true,customers/738/site_20520.png,-29.4105020,-53.4841640,2024-10-25 17:51:05.215 -0300,2024-10-30 09:20:42.165 -0300,738,41,SAZ,,false
20757,TISL - SANTA LUZIA/MG,true,customers/369/site_20757.jpeg,0.0000000,0.0000000,2025-07-28 08:26:43.122 -0300,2026-03-10 08:52:13.689 -0300,369,38,SAZ,BRA,false
20917,M-TULSA,false,"",0.0000000,0.0000000,2026-03-09 10:45:12.605 -0300,2026-03-16 14:46:55.850 -0300,886,69,NAZ,USA,false
20503,TIPLAM -SANTOS/SP,true,customers/369/site_20503.JPG,0.0000000,0.0000000,2024-10-04 08:19:25.311 -0300,2026-03-10 08:46:34.124 -0300,369,38,SAZ,UNK,false
20914,ILLINOIS,true,"",0.0000000,0.0000000,2026-03-09 10:32:19.278 -0300,2026-07-21 14:07:53.097 -0300,883,2,SAZ,USA,false
20535,HANUMAN BEVERAGES,true,customers/758/site_20535.jpeg,11.5077500,104.7252200,2024-11-19 05:06:59.080 -0300,2025-02-12 03:14:02.212 -0300,758,41,APAC,KHM,false
20542,ALPESTRE/RS,true,customers/761/site_20542.jpg,-27.1491000,-53.0617000,2024-12-04 10:36:39.415 -0300,2025-01-27 11:29:58.778 -0300,761,36,SAZ,BRA,false
20754,TIPF - PORTO FRANCO/MA,true,customers/369/site_20754.jpeg,0.0000000,0.0000000,2025-07-28 08:24:54.786 -0300,2026-03-10 08:50:31.394 -0300,369,38,SAZ,BRA,false
17381,UBERABA/MG-INATIVADA,false,"",0.0000000,0.0000000,2023-10-18 15:42:07.589 -0300,2024-11-25 10:04:25.418 -0300,114,39,SAZ,,false
20447,PLANTA INATIVA,false,"",115.8900000,28.5600000,2024-09-06 02:13:50.704 -0300,2024-11-29 14:08:12.066 -0300,1,41,APAC,,false
20741,PAULINIA/SP,true,customers/794/site_20741.jpeg,-22.7441680,-47.1394610,2025-07-18 08:50:17.175 -0300,2025-08-11 17:28:36.003 -0300,794,67,SAZ,BRA,false
20590,SAZ - REFRIGERANTES SAPUCAIA - PS,true,customers/1/site_20590.png,-29.8160010,-51.1712630,2025-02-12 15:31:56.093 -0300,2026-03-24 17:15:34.235 -0300,1,41,SAZ,BRA,true
20543,NAZ - EAGLE PACKAGING - VERTICAL - EPI,true,customers/1/site_20543.jpg,38.7500000,-90.4500000,2024-12-06 14:17:39.423 -0300,2026-04-06 13:20:31.560 -0300,1,41,NAZ,USA,false
20710,M-PSME 2025,true,customers/788/site_20710.jpeg,14.4250000,121.0230000,2025-06-16 05:21:35.945 -0300,2025-10-21 10:51:55.508 -0300,788,2,APAC,PHL,false
20545,APPLETON/WI,true,customers/677/site_20545.jpeg,44.2425640,-88.3565110,2024-12-16 09:25:22.088 -0300,2024-12-16 09:25:22.441 -0300,677,43,NAZ,,false
20576,AGRÍCOLA - SANTA CRUZ/SP,true,customers/676/site_20576.png,-21.7565000,-48.0702000,2025-02-05 16:43:44.983 -0300,2025-02-05 16:43:45.423 -0300,676,37,SAZ,BRA,false
20551,SAINT LOUIS USA - STL - DESATIVADA,false,customers/1/site_20551.png,38.5982620,-90.2098830,2025-01-16 13:41:02.266 -0300,2025-02-01 19:27:32.216 -0300,1,41,NAZ,USA,false
20696,JACAREI/SP,true,"",-23.2845880,-45.9409070,2025-05-28 09:43:31.394 -0300,2025-05-28 09:43:31.394 -0300,780,2,SAZ,BRA,false
20948,QUINCY/MI,true,customers/783/site_20948.jpeg,41.9168000,-84.8153000,2026-05-28 11:24:46.696 -0300,2026-05-28 11:24:47.109 -0300,783,69,NAZ,USA,false
20723,GUAÍBA/RS,true,customers/791/site_20723.jpeg,-30.1306060,-51.3160110,2025-06-27 11:03:15.786 -0300,2025-07-03 11:12:54.194 -0300,791,40,SAZ,BRA,false
20574,SAZ - CERVEJARIA AGUDOS - AG,true,customers/1/site_20574.png,-22.4977610,-48.9303900,2025-02-04 08:59:23.877 -0300,2026-04-24 14:04:27.268 -0300,1,41,SAZ,BRA,false
20558,CERVEJARIA ÁGUAS DA SERRA - GU - DESATIVADO,false,customers/1/site_20558.png,-23.3292810,-46.3998990,2025-01-25 10:20:23.044 -0300,2025-01-25 14:12:18.522 -0300,1,41,SAZ,BRA,false
20377,PEDRO AFONSO/TO,true,customers/268/site_20377.jpg,0.0000000,0.0000000,2024-04-26 14:49:30.356 -0300,2026-06-03 12:12:39.981 -0300,268,37,SAZ,BRA,false
17621,MONROE/MI,true,"",0.0000000,0.0000000,2023-07-19 13:30:21.635 -0300,2025-06-09 16:57:54.037 -0300,198,39,NAZ,USA,false
20954,BATAGUASSU/MS,true,customers/899/site_20954.jpeg,-21.7277160,-52.3529370,2026-06-03 16:00:57.943 -0300,2026-06-03 16:00:59.115 -0300,899,40,SAZ,BRA,false
20704,ESTANCIA/SE,true,"",0.0000000,0.0000000,2025-06-04 15:00:35.512 -0300,2025-10-08 14:50:47.482 -0300,114,70,SAZ,BRA,true
20571,CAJAMAR/SP,true,customers/766/site_20571.png,-23.3470340,-46.8656020,2025-02-01 20:52:39.650 -0300,2025-02-01 20:52:40.013 -0300,766,38,SAZ,BRA,false
20561,DUQUE DE CAXIAS/RJ,true,customers/736/site_20561.jpg,-22.6198000,-43.2413760,2025-01-27 17:55:14.100 -0300,2025-01-27 17:57:29.761 -0300,736,41,SAZ,BRA,false
20896,GRAXARIA - SAO GABRIEL/RS,true,customers/765/site_20896.jpeg,-30.3714100,-54.3484500,2026-01-20 14:32:39.516 -0300,2026-01-20 14:32:39.907 -0300,765,42,SAZ,BRA,false
20578,SAZ - CERVEJARIA MINAS GERAIS - MG,true,customers/1/site_20578.png,-19.9956930,-44.3344600,2025-02-07 14:06:56.376 -0300,2026-03-24 16:18:57.554 -0300,1,41,SAZ,BRA,true
20564,PALMEIRAS DE GOIAS - PAL,true,customers/765/site_20564.png,-16.8499210,-49.8318920,2025-01-30 16:06:44.251 -0300,2026-06-16 08:25:53.094 -0300,765,42,SAZ,BRA,false
20585,GREELEY CO,true,customers/153/site_20585.png,40.4211280,-104.8566550,2025-02-11 19:56:33.536 -0300,2025-12-17 16:53:30.984 -0300,873,69,NAZ,USA,true
20607,LOUISVILLE/KY,true,customers/874/site_20607.jpeg,38.2553040,-85.7279830,2025-02-20 13:35:09.745 -0300,2026-01-12 16:24:03.131 -0300,874,69,NAZ,USA,true
20885,NORTH CAROLINA,true,customers/872/site_20885.jpeg,0.0000000,0.0000000,2025-12-09 08:51:11.807 -0300,2026-07-15 10:27:50.962 -0300,872,70,NAZ,USA,false
20562,JOSE BONIFCIO - JBO,true,customers/765/site_20562.png,-21.0442450,-49.6840150,2025-01-30 16:04:27.888 -0300,2026-06-16 08:18:03.658 -0300,765,69,SAZ,BRA,false
20958,CHARTER - SAUKVILLE,true,customers/901/site_20958.jpeg,43.3978300,-87.9495500,2026-06-17 19:09:24.542 -0300,2026-06-17 19:09:25.315 -0300,901,39,NAZ,USA,false
20892,SAZ - MALTARIA URUGUAY - MY,true,customers/1/site_20892.jpeg,-32.8755548,-56.0201525,2026-01-13 09:15:39.263 -0300,2026-01-15 09:38:45.286 -0300,1,41,SAZ,URY,false
20563,JANAUBA - JNB,true,customers/765/site_20563.png,-15.7754960,-43.3166770,2025-01-30 16:05:41.580 -0300,2026-06-16 08:24:30.953 -0300,765,69,SAZ,BRA,false
20575,ITAPEVI/SP - UTILIDADES,true,customers/678/site_20575.jpeg,-23.5166320,-46.9618910,2025-02-05 15:14:37.057 -0300,2025-03-27 09:52:20.118 -0300,678,35,SAZ,BRA,false
20903,LIMEIRA/SP,true,customers/879/site_20903.jpeg,-22.5728031,-47.3816442,2026-02-18 15:02:45.247 -0300,2026-02-18 15:02:45.693 -0300,879,2,SAZ,BRA,false
20962,FAURECIA,true,customers/933/site_20962.jpeg,-22.5476561,-47.3434752,2026-06-22 10:12:40.992 -0300,2026-06-22 10:12:41.604 -0300,933,34,SAZ,BRA,false
20911,MAYNILAD WATER SERVICES INC.,true,customers/788/site_20911.jpeg,14.6817540,120.9801640,2026-03-04 21:09:13.268 -0300,2026-03-04 21:09:14.133 -0300,788,44,APAC,PHL,false
20711,LIMEIRA/SP,true,customers/789/site_20711.jpeg,-22.6158930,-47.3520560,2025-06-16 15:57:25.010 -0300,2025-06-16 15:57:25.268 -0300,789,39,SAZ,BRA,false
20546,MONTE MOR/SP,true,customers/762/site_20546.jpg,-22.9541100,-47.3006500,2024-12-17 13:52:10.235 -0300,2025-04-08 20:46:54.761 -0300,762,70,SAZ,BRA,false
20549,NAZ - WILLIAMSBURG USA - EAST - WMS,true,customers/1/site_20549.png,37.2390000,-76.6509170,2025-01-07 14:09:27.066 -0300,2026-04-06 13:21:33.090 -0300,1,41,NAZ,USA,false
20760,ASSISTÊNCIA TÉCNICA,true,"",-22.5325568,-47.3899243,2025-07-28 13:35:47.614 -0300,2025-07-28 13:35:47.614 -0300,54,2,SAZ,BRA,false
20552,NAZ - JACKSONVILLE USA - EAST - JAX,true,customers/1/site_20552.png,30.4344610,-81.6474440,2025-01-16 14:16:48.478 -0300,2026-04-06 13:22:02.867 -0300,1,41,NAZ,USA,false
20553,NAZ - BALDWINSVILLE USA - EAST - BVL,true,customers/1/site_20553.png,43.1683100,-76.3111880,2025-01-16 15:27:06.422 -0300,2026-04-06 13:24:09.822 -0300,1,41,NAZ,USA,false
20554,NAZ - COLUMBUS USA - WEST - COL,true,customers/1/site_20554.png,40.1044730,-82.9925780,2025-01-18 08:02:55.221 -0300,2026-04-06 13:25:12.211 -0300,1,41,NAZ,USA,false
20915,M-WAYNE,true,"",0.0000000,0.0000000,2026-03-09 10:37:09.251 -0300,2026-03-09 10:40:45.603 -0300,884,70,NAZ,USA,false
20395,NAVEGANTES/SC,true,customers/682/site_20395.jpeg,-26.8968130,-48.6643680,2024-07-01 09:54:14.569 -0300,2026-06-23 15:03:37.830 -0300,682,38,SAZ,BRA,false
20950,TIWI - ALBAY,true,customers/896/site_20950.jpeg,13.4628277,123.6674281,2026-06-02 22:01:59.272 -0300,2026-06-29 00:56:06.944 -0300,896,36,APAC,PHL,false
20737,IMPERATRIZ/MA,true,customers/625/site_20737.jpeg,-5.4164380,-47.5651590,2025-07-07 09:17:46.153 -0300,2025-07-07 09:23:10.492 -0300,625,40,SAZ,BRA,false
20556,SAZ - CERVEJARIA DO VALE - JC,true,customers/1/site_20556.png,-23.2039850,-46.0114020,2025-01-23 09:28:23.819 -0300,2026-03-24 16:34:08.580 -0300,1,41,SAZ,BRA,false
20591,SAZ - CERVEJARIA ÁGUAS CLARAS - SE,true,customers/1/site_20591.png,-29.8231410,-50.9786820,2025-02-12 16:25:31.494 -0300,2026-03-24 16:34:55.605 -0300,1,41,SAZ,BRA,true
20766,BASE DE BAURU,true,customers/797/site_20766.jpeg,-22.3176150,-49.0509870,2025-08-05 09:04:17.721 -0300,2025-10-07 09:35:27.327 -0300,797,46,SAZ,BRA,false
20969,UNIVERSAL LEAF (LA UNION),true,customers/788/site_20969.jpeg,16.3580000,120.3590000,2026-07-10 03:56:07.319 -0300,2026-07-10 03:56:07.819 -0300,788,68,APAC,PHL,false
20557,CAAPAVA/SP,true,customers/764/site_20557.png,-23.1153000,-45.7176000,2025-01-23 12:58:47.461 -0300,2025-10-02 14:40:14.490 -0300,764,69,SAZ,BRA,false
20956,CHARTER - CLEVELAND - OH,true,customers/901/site_20956.jpeg,41.4431470,-81.6599110,2026-06-12 12:03:02.833 -0300,2026-07-14 15:49:46.329 -0300,901,39,NAZ,USA,false
20974,GRUPO LIMPANNO (BURN QUEIMADOS/RJ),true,customers/938/site_20974.jpeg,-22.7397660,-43.6183050,2026-07-20 10:48:40.776 -0300,2026-07-20 10:48:41.458 -0300,938,67,SAZ,BRA,false
20488,USINA - SANTA CRUZ/SP,true,customers/676/site_20488.png,-21.7550020,-48.0732530,2024-10-01 09:43:26.324 -0300,2025-10-08 15:22:08.969 -0300,676,37,SAZ,BRA,false
20742,APAC - BAODING CHINA - BAO,true,customers/1/site_20742.jpeg,38.4537000,115.2627000,2025-07-21 01:23:19.487 -0300,2025-08-18 08:14:23.992 -0300,1,41,APAC,CHN,false
20803,ARARAQUARA/SP,true,customers/713/site_20803.jpeg,-21.8211790,-48.1725720,2025-08-26 10:10:04.744 -0300,2025-09-17 14:57:58.310 -0300,713,41,SAZ,BRA,false
20683,PETERBOROUGH,true,customers/779/site_20683.jpeg,52.5500000,-0.2600000,2025-05-11 16:54:51.567 -0300,2025-05-11 16:54:51.885 -0300,779,70,EUR,GBR,false
20865,OSASCO/SP,true,customers/867/site_20865.jpeg,-23.4785470,-46.7736540,2025-10-13 11:33:33.942 -0300,2025-10-24 09:30:13.342 -0300,867,38,SAZ,BRA,false
20918,BALL - UNIDADE RECIFE TAMPAS - PE,true,"",-8.3396240,-35.0186410,2026-03-10 09:55:27.391 -0300,2026-03-10 09:55:27.391 -0300,875,70,SAZ,BRA,false
20767,BASE DE PRESIDENTE PRUDENTE,true,customers/797/site_20767.jpeg,-22.1483316,-51.3878326,2025-08-05 09:05:29.597 -0300,2025-10-07 09:35:43.060 -0300,797,46,SAZ,BRA,false
20705,PONTA GROSSA/PR,true,"",-25.1577040,-50.1322490,2025-06-05 12:23:46.356 -0300,2025-08-21 16:28:13.709 -0300,762,69,SAZ,BRA,false
20597,SAZ - CERVEJARIA TERESINA - TE,true,customers/1/site_20597.png,-5.1491530,-42.7989000,2025-02-13 11:26:02.556 -0300,2026-06-12 15:29:55.937 -0300,1,41,SAZ,BRA,true
20834,POOL DE MACAPA,true,customers/797/site_20834.jpeg,-0.0425337,-51.1868788,2025-09-10 15:58:31.604 -0300,2025-10-07 09:42:02.814 -0300,797,46,SAZ,BRA,false
20712,SWIRE COCA-COLA HK LTD,true,customers/790/site_20712.jpeg,22.3820000,114.2090000,2025-06-19 02:32:59.220 -0300,2025-06-19 02:32:59.491 -0300,790,41,APAC,HKG,false
20761,WACO/TX,true,customers/153/site_20761.jpeg,31.6096972,-97.1262203,2025-07-28 18:07:23.011 -0300,2025-10-28 18:30:45.366 -0300,153,69,NAZ,USA,true
20793,BASE SÃO CAETANO,true,customers/797/site_20793.jpeg,-23.6120510,-46.5549169,2025-08-14 12:00:52.489 -0300,2025-10-07 09:35:55.770 -0300,797,46,SAZ,BRA,false
20924,MACON/MO,true,customers/783/site_20924.jpeg,39.7378009,-92.4702906,2026-03-26 11:35:18.072 -0300,2026-03-26 11:36:24.274 -0300,783,69,NAZ,USA,false
20713,MAZ - BARRANQUILLA COLOMBIA - BAR,true,customers/1/site_20713.jpeg,0.0000000,0.0000000,2025-06-22 17:58:12.498 -0300,2025-09-01 09:20:49.812 -0300,1,41,MAZ,COL,false
20904,BASE DE GUARAPUAVA,true,customers/797/site_20904.jpeg,0.0000000,0.0000000,2026-02-19 08:29:00.641 -0300,2026-02-19 08:29:01.458 -0300,797,46,SAZ,BRA,false
20743,USICITY - JARAGUÁ/SP,true,customers/759/site_20743.jpeg,-23.4326220,-46.7430390,2025-07-22 07:23:14.787 -0300,2025-07-22 17:57:46.815 -0300,759,39,SAZ,BRA,false
20839,BASE DE BELEM,true,customers/797/site_20839.jpeg,-1.4255000,-48.4893698,2025-09-11 14:39:38.201 -0300,2025-10-07 09:42:57.485 -0300,797,46,SAZ,BRA,false
20449,APAC - FOSHAN CHINA - FOS,true,customers/1/site_20449.png,23.0311028,113.1253623,2024-09-06 02:26:28.504 -0300,2025-11-16 23:29:09.411 -0300,1,41,APAC,CHN,false
20870,GUARATIGUENTA/SP,true,customers/868/site_20870.jpeg,-22.7848630,-45.1681460,2025-10-22 17:26:26.865 -0300,2025-12-09 10:07:23.203 -0300,868,67,SAZ,BRA,false
20881,PEPSICO PETROLINA,true,customers/742/site_20881.jpeg,-9.3555120,-40.5476171,2025-11-24 09:22:24.302 -0300,2025-11-24 09:22:24.681 -0300,742,41,SAZ,BRA,false
20697,CABREÚVA/SP,true,"",-23.2491490,-47.0780060,2025-05-29 08:54:44.187 -0300,2025-10-16 09:53:11.302 -0300,114,70,SAZ,BRA,true
20811,BASE DE PAULINIA,true,customers/797/site_20811.jpeg,-22.1478683,-51.3881450,2025-09-01 11:21:29.423 -0300,2025-10-07 09:38:13.888 -0300,797,46,SAZ,BRA,false
20886,BALL - UNIDADE FRUTAL - MG,true,customers/875/site_20886.jpeg,-20.0301692,-48.8922688,2025-12-16 10:43:14.543 -0300,2025-12-16 10:43:14.849 -0300,875,41,SAZ,BRA,false
20482,WORTHINGTON/MN,true,customers/874/site_20482.jpeg,43.6300000,-95.5600000,2024-09-27 10:55:43.696 -0300,2026-01-12 16:24:52.121 -0300,874,69,NAZ,USA,true
20935,"M-CORSICANA, TX",true,"",0.0000000,0.0000000,2026-04-23 10:38:43.534 -0300,2026-05-12 20:49:16.285 -0300,760,70,SAZ,USA,false
20840,BASE DE MUNGUBA,true,customers/797/site_20840.jpeg,-0.9263477,-52.4311026,2025-09-12 09:21:32.799 -0300,2025-09-12 09:22:53.644 -0300,797,46,SAZ,BRA,false
20805,IGARASSU/PE,true,customers/713/site_20805.jpeg,-7.7976340,-34.9287400,2025-08-26 10:12:06.011 -0300,2025-09-17 15:00:42.013 -0300,713,41,SAZ,BRA,false
20817,BASE DE MONTES CLAROS,true,customers/797/site_20817.jpeg,-16.6850289,-43.8639859,2025-09-03 14:14:53.786 -0300,2025-10-07 09:39:21.353 -0300,797,46,SAZ,BRA,false
20963,EMBRASATEC - ARTHUR NOGUEIRA/SP,true,customers/934/site_20963.jpeg,-22.5690617,-47.1784666,2026-06-22 10:26:34.331 -0300,2026-07-03 13:23:01.670 -0300,934,70,SAZ,BRA,false
20724,GRAXARIA - ARAGUAINA/TO - ARN,true,customers/765/site_20724.jpeg,0.0000000,0.0000000,2025-06-30 09:00:54.994 -0300,2025-11-25 08:28:41.849 -0300,765,42,SAZ,BRA,false
20822,BASE DE GARAPUAVA,true,customers/797/site_20822.jpeg,-25.3955850,-51.4865812,2025-09-08 13:07:48.557 -0300,2025-10-07 09:40:04.200 -0300,797,46,SAZ,BRA,false
20382,ITUIUTABA/MG,true,customers/268/site_20382.jpg,0.0000000,0.0000000,2024-05-06 10:21:56.359 -0300,2026-05-16 07:19:48.977 -0300,268,37,SAZ,BRA,false
20859,SAN ANTONIO / TX,true,customers/838/site_20859.jpeg,29.4213448,-98.4375355,2025-10-02 15:34:35.187 -0300,2025-10-02 15:38:35.895 -0300,838,41,NAZ,USA,false
20823,POOL DE LONDRINA,true,customers/797/site_20823.jpeg,-23.2773104,-51.2150572,2025-09-08 13:14:44.458 -0300,2025-10-07 09:40:15.541 -0300,797,46,SAZ,BRA,false
20436,ITUMBIARA/GO - SOJA,true,customers/707/site_20436.jpeg,-18.3877000,-49.2048000,2024-08-07 08:25:11.139 -0300,2025-11-27 10:19:37.080 -0300,707,69,SAZ,BRA,false
20365,AMERICANA/SP,true,customers/670/site_20365.png,-22.7087600,-47.3049700,2024-02-08 10:46:26.872 -0300,2025-11-27 10:22:10.509 -0300,670,34,SAZ,BMU,false
20828,MAZ  - BUCARAMANDA COLOMBIA - BUC,true,customers/1/site_20828.jpeg,7.1168463,-73.1283441,2025-09-09 13:54:41.665 -0300,2025-12-05 09:53:52.634 -0300,1,41,MAZ,COL,false
20845,M-MARILAN MATRIZ,false,customers/837/site_20845.jpeg,-22.2287990,-49.9308690,2025-09-16 17:22:13.036 -0300,2026-03-16 14:46:27.878 -0300,837,69,SAZ,BRA,false
20897,CUIAB/MT,true,customers/878/site_20897.jpeg,-15.5619920,-56.0981100,2026-01-22 07:59:06.494 -0300,2026-01-22 08:02:02.505 -0300,878,70,SAZ,BRA,false
343,SAZ - CERVEJARIA ÁGUAS DA SERRA - GU,true,"",-23.3295669,-46.3998570,2022-11-14 10:39:39.372 -0300,2026-03-24 17:09:28.890 -0300,1,41,SAZ,BRA,false
20592,SAZ - CERVEJARIA DA BAHIA - CM,true,customers/1/site_20592.png,-12.6284250,-38.3279230,2025-02-12 22:26:24.472 -0300,2026-03-24 17:10:36.857 -0300,1,41,SAZ,BRA,true
20567,PARANATINGA - PRN,true,customers/765/site_20567.png,-14.4633900,-54.0397380,2025-01-30 16:10:30.518 -0300,2026-06-16 08:17:08.948 -0300,765,42,SAZ,BRA,false
20593,SAZ - MALTARIA PASSO FUNDO - MF,true,customers/1/site_20593.png,-28.2411290,-52.4756650,2025-02-13 09:47:18.742 -0300,2026-06-12 15:31:21.695 -0300,1,41,SAZ,BRA,true
20595,SAZ - REFRIGERANTES CURITIBANA - CN,true,customers/1/site_20595.png,-25.3564320,-49.2817180,2025-02-13 10:44:45.887 -0300,2026-03-24 17:13:24.593 -0300,1,41,SAZ,BRA,true
20599,SAZ - CERVEJARIA RÓTULOS - BS,true,customers/1/site_20599.png,-23.2857230,-46.6902510,2025-02-13 11:29:47.618 -0300,2026-03-24 17:15:19.232 -0300,1,41,SAZ,BRA,false
20929,M-VARGINHA/MG,true,"",-21.5874050,-45.4487230,2026-04-08 14:02:04.317 -0300,2026-07-24 09:31:59.737 -0300,787,34,SAZ,BRA,false
20941,SANTA LUZIA - MG,true,customers/894/site_20941.jpeg,-19.7861500,-43.8564700,2026-05-19 15:35:44.502 -0300,2026-07-21 13:37:57.836 -0300,894,67,SAZ,BRA,false
20381,MONTEVERDE/MS,true,customers/268/site_20381.jpg,-22.2971470,-55.1029200,2024-05-06 10:20:51.994 -0300,2026-06-03 12:13:42.591 -0300,268,37,SAZ,BRA,false
20596,SAZ - CERVEJARIA EQUATORIAL - EQ,true,customers/1/site_20596.png,-11.1192740,-44.9780670,2025-02-13 11:00:15.332 -0300,2026-06-12 15:28:02.727 -0300,1,41,SAZ,BRA,true
20959,CHARTER -  SHAWANO,true,customers/901/site_20959.jpeg,44.0000000,-88.0000000,2026-06-17 19:12:42.227 -0300,2026-06-17 19:12:42.853 -0300,901,39,SAZ,USA,false
20366,CARTERSVILLE/GA,true,customers/198/site_20366.png,34.2446000,-84.7972000,2024-02-28 13:24:57.701 -0300,2026-06-25 12:38:20.825 -0300,198,39,NAZ,USA,false
20860,CORONEL XAVIER CHAVES/MG,true,customers/866/site_20860.jpeg,-21.0466350,-44.2083030,2025-10-03 07:47:04.144 -0300,2025-11-08 21:41:26.703 -0300,866,1,SAZ,BRA,false
20744,M-PAULINIA/SP,true,"",0.0000000,0.0000000,2025-07-22 16:48:30.594 -0300,2026-06-15 09:06:10.276 -0300,795,46,SAZ,BRA,false
20812,BASE DE CAXIAS,true,customers/797/site_20812.jpeg,-22.7027975,-43.2846174,2025-09-02 11:22:21.058 -0300,2025-10-07 09:38:31.058 -0300,797,46,SAZ,BRA,false
20739,ATIBAIA/SP - SEALING,true,customers/787/site_20739.jpeg,-23.0500840,-46.6753590,2025-07-08 17:24:33.019 -0300,2025-07-10 14:00:26.174 -0300,787,34,SAZ,BRA,false
20684,M-ADS EOLICA - TESTE,true,customers/54/site_20684.jpeg,0.0000000,0.0000000,2025-05-14 14:39:42.126 -0300,2025-07-28 10:05:07.640 -0300,54,36,SAZ,BRA,false
20699,SALVADOR/BA,true,customers/781/site_20699.jpeg,-12.9738400,-38.4254100,2025-05-29 10:17:42.362 -0300,2025-06-04 14:58:16.526 -0300,781,100,SAZ,BRA,false
14561,MIDLOTHIAN/TX,true,"",0.0000000,0.0000000,2022-11-03 14:41:50.725 -0300,2025-06-09 16:46:20.042 -0300,198,39,NAZ,USA,false
19923,CAMBRIDGE/ON,true,customers/198/site_19923.jpg,43.3710199,-80.2808060,2023-09-22 12:02:32.279 -0300,2025-06-09 16:56:50.241 -0300,198,39,NAZ,USA,false
20807,JACAREI/SP,true,customers/713/site_20807.jpeg,-23.2871460,-45.9811580,2025-08-26 10:21:30.276 -0300,2025-09-17 14:58:37.754 -0300,713,41,SAZ,BRA,false
20804,IGREJINHA/RS,true,customers/713/site_20804.jpeg,-29.5452050,-50.7742380,2025-08-26 10:11:00.832 -0300,2025-09-17 14:58:59.848 -0300,713,41,SAZ,BRA,false
20714,MAZ - LIMA PERU - ATE,true,customers/1/site_20714.jpeg,0.0000000,0.0000000,2025-06-22 17:59:07.932 -0300,2025-11-11 13:34:09.834 -0300,1,41,MAZ,PER,false
20716,MAZ - MOTUPE PERU - MOT,true,customers/1/site_20716.jpeg,0.0000000,0.0000000,2025-06-22 18:00:35.133 -0300,2025-11-11 13:34:32.084 -0300,1,41,MAZ,PER,false
20729,GRAXARIA - PALMEIRAS DE GOIÁS/GO - PAL,true,customers/765/site_20729.jpeg,0.0000000,0.0000000,2025-06-30 09:09:44.755 -0300,2025-06-30 09:09:45.009 -0300,765,42,SAZ,BRA,false
20762,SÃO SIMÃO/GO,true,customers/707/site_20762.jpeg,0.0000000,0.0000000,2025-07-31 10:04:20.634 -0300,2025-07-31 10:04:20.991 -0300,707,69,SAZ,BRA,false
20847,M-IGARAPAVA/SP,true,customers/195/site_20847.jpeg,-19.9907510,-47.7929550,2025-09-30 13:56:58.398 -0300,2026-07-03 09:23:46.577 -0300,195,37,SAZ,BRA,false
20841,BASE DE VILHENA,true,customers/797/site_20841.jpeg,-12.4777158,-60.0746159,2025-09-12 10:00:18.301 -0300,2025-10-07 09:43:08.776 -0300,797,46,SAZ,BRA,false
20925,MAZ - GUAYAQUIL ECUADOR,true,customers/1/site_20925.jpeg,0.0000000,0.0000000,2026-03-30 12:00:27.545 -0300,2026-03-30 12:00:28.162 -0300,1,41,MAZ,ECU,false
20768,BARIRI/SP,true,customers/798/site_20768.jpeg,-22.0585710,-48.7158090,2025-08-08 11:24:58.420 -0300,2025-08-11 17:20:22.011 -0300,798,68,SAZ,BRA,false
20887,BALL - UNIDADE MANAUS - AM,true,customers/875/site_20887.jpeg,-3.1125984,-59.9542214,2025-12-16 10:44:57.919 -0300,2025-12-16 10:44:58.270 -0300,875,41,SAZ,BRA,false
20824,BASE DE CANOAS,true,customers/797/site_20824.jpeg,-29.7750533,-51.1822224,2025-09-08 15:43:26.893 -0300,2025-10-07 09:40:30.164 -0300,797,46,SAZ,BRA,false
20866,GUARULHOS/SP,true,customers/867/site_20866.jpeg,-23.4249410,-46.4263230,2025-10-13 11:35:18.208 -0300,2025-10-24 09:31:52.437 -0300,867,38,SAZ,BRA,false
20970,GENERAL MILLING CORPORATION,true,customers/788/site_20970.jpeg,10.3164603,123.9595341,2026-07-12 22:07:39.455 -0300,2026-07-12 22:07:40.022 -0300,788,68,APAC,PHL,false
20717,MAZ - TOCANCIPA COLOMBIA - TOC,true,customers/1/site_20717.jpeg,0.0000000,0.0000000,2025-06-22 18:01:58.269 -0300,2025-10-10 14:46:04.984 -0300,1,41,MAZ,COL,false
20569,BARRETOS/SP - BTS,true,customers/765/site_20569.png,-20.5549500,-48.5541200,2025-01-31 09:54:11.275 -0300,2025-10-28 09:19:19.245 -0300,765,69,SAZ,BRA,false
20572,BARRETOS/SP - MFI,true,customers/765/site_20572.png,-20.5524880,-48.5542050,2025-02-03 15:19:36.426 -0300,2025-10-28 09:19:56.466 -0300,765,69,SAZ,BRA,false
20682,PONTES E LACERDA/MT,true,"",-15.2218520,-59.3219380,2025-05-06 13:54:35.861 -0300,2025-10-28 09:20:26.026 -0300,765,42,SAZ,BRA,false
20898,SAZ - CERVECERIA Y MALTERIA PAYSANDU - MC,true,customers/1/site_20898.jpeg,-32.2973865,-58.0874222,2026-01-30 13:47:23.025 -0300,2026-01-30 13:47:23.491 -0300,1,41,SAZ,URY,false
20829,BASE DE SANTA MARIA,true,customers/797/site_20829.jpeg,-29.6934275,-53.7691746,2025-09-09 14:49:31.204 -0300,2025-10-07 09:40:55.766 -0300,797,46,SAZ,BRA,false
20726,GRAXARIA - JANAUBA/MG - JNB,true,customers/765/site_20726.jpeg,0.0000000,0.0000000,2025-06-30 09:02:33.555 -0300,2025-10-28 09:30:01.956 -0300,765,42,SAZ,BRA,false
20728,GRAXARIA - MIRASSOL DOESTE/MT - MSO,true,customers/765/site_20728.jpeg,0.0000000,0.0000000,2025-06-30 09:08:57.091 -0300,2025-10-28 09:30:41.727 -0300,765,42,SAZ,BRA,false
20876,VULCAN MINERALS - MOATIZE COAL MINE,true,customers/836/site_20876.jpeg,-16.1888490,33.8112560,2025-11-19 11:26:28.358 -0300,2025-11-19 11:27:21.916 -0300,836,1,AFR,MOZ,false
20794,BASE DE OURINHOS,true,customers/797/site_20794.jpeg,-22.9857479,-49.8599075,2025-08-14 13:38:00.952 -0300,2025-10-07 09:36:08.791 -0300,797,46,SAZ,BRA,false
20830,POOL DE PASSO FUNDO,true,customers/797/site_20830.jpeg,-28.2500583,-52.3862786,2025-09-09 15:57:40.420 -0300,2025-10-07 09:41:07.090 -0300,797,46,SAZ,BRA,false
20698,M-MARIALVA/PR,true,customers/701/site_20698.jpeg,-23.4793960,-51.8266550,2025-05-29 09:59:29.845 -0300,2026-05-22 12:19:38.248 -0300,701,36,SAZ,BRA,false
20835,POOL DE FORTALEZA,true,customers/797/site_20835.jpeg,-3.7123181,-38.4688268,2025-09-11 09:56:51.830 -0300,2025-10-07 09:42:19.435 -0300,797,46,SAZ,BRA,false
20510,OTTUMWA/IA,true,customers/874/site_20510.jpeg,41.0023820,-92.3946700,2024-10-14 15:37:03.338 -0300,2026-01-12 16:25:11.084 -0300,874,69,NAZ,USA,true
20600,SAZ - AROSUCO AROMAS - AS,true,customers/1/site_20600.png,-3.1043360,-59.9501390,2025-02-13 11:31:13.786 -0300,2026-03-24 17:08:03.714 -0300,1,41,SAZ,BRA,true
20568,ROLIM DE MOURA/RO - RMO,true,customers/765/site_20568.png,-11.7307670,-61.6414180,2025-01-30 16:11:29.328 -0300,2026-01-20 14:27:11.956 -0300,765,69,SAZ,BRA,false
20905,AB-INBEV - SAZ - MAUES - MA,true,customers/1/site_20905.jpeg,0.0000000,0.0000000,2026-02-20 10:31:19.924 -0300,2026-02-20 10:31:20.621 -0300,1,41,SAZ,BRA,false
20818,COCA COLA SANTIAGO - CHILE,false,customers/736/site_20818.jpeg,0.0000000,0.0000000,2025-09-03 18:56:40.920 -0300,2026-03-04 15:03:40.987 -0300,736,41,SAZ,BRA,false
20936,"M-PLANT CITY, FL",true,"",0.0000000,0.0000000,2026-04-23 10:39:04.589 -0300,2026-05-12 20:49:36.809 -0300,760,70,SAZ,USA,false
20919,AP RENEWABLE - MAKBAN GEOTHERMAL POWER PLANT,true,customers/788/site_20919.jpeg,14.0920000,121.2150000,2026-03-12 02:39:58.804 -0300,2026-03-12 02:39:59.290 -0300,788,36,APAC,PHL,false
20598,SAZ - CERVEJARIA DA AMAZÔNIA - MU,true,customers/1/site_20598.png,-2.5174740,-60.0688640,2025-02-13 11:28:03.033 -0300,2026-03-24 17:10:20.347 -0300,1,41,SAZ,BRA,true
20594,SAZ - VIDROS - VR,true,customers/1/site_20594.png,-24.8473660,-50.1388940,2025-02-13 10:19:00.226 -0300,2026-03-24 17:15:56.737 -0300,1,41,SAZ,BRA,true
20378,ITUMBIARA/GO,true,customers/268/site_20378.jpg,0.0000000,0.0000000,2024-04-27 15:38:19.350 -0300,2026-05-16 11:46:15.835 -0300,268,37,SAZ,BRA,false
20806,M-PACATUBA/CE,true,customers/713/site_20806.jpeg,-3.9122970,-38.6064010,2025-08-26 10:20:30.685 -0300,2026-05-05 15:05:28.514 -0300,713,41,SAZ,BRA,false
20882,SANTA CRUZ DO SUL/RS,true,"",0.0000000,0.0000000,2025-11-25 10:53:59.300 -0300,2026-05-21 14:03:54.605 -0300,769,46,SAZ,BRA,false
20942,VALE - SAO LUIS/MA,true,customers/893/site_20942.jpeg,-2.5648510,-44.3343120,2026-05-19 16:21:56.315 -0300,2026-05-19 16:22:26.294 -0300,893,36,SAZ,BRA,false
20909,LEISER - SAN LUIS POTOSI,true,"",0.0000000,0.0000000,2026-03-03 11:16:09.384 -0300,2026-07-21 14:05:53.975 -0300,871,2,NAZ,MEX,false
20734,SAZ - CERVECERIA BOLIVIANA NACIONAL SANTA CRUZ,true,customers/1/site_20734.jpeg,0.0000000,0.0000000,2025-07-04 11:28:08.695 -0300,2026-06-25 14:39:29.417 -0300,1,41,SAZ,BOL,true
20622,NAZ - HALIFAX CANADA - NORTH - HFX,true,customers/1/site_20622.jpeg,44.6605970,-63.5994420,2025-03-13 12:26:35.302 -0300,2026-04-06 13:41:11.830 -0300,1,41,NAZ,USA,false
20632,DESATIVADA - QUILMES ARGENTINA - QM,false,customers/1/site_20632.jpeg,0.0000000,0.0000000,2025-03-22 08:50:36.241 -0300,2025-03-22 18:04:08.791 -0300,1,41,SAZ,ARG,false
20614,M-NAZ - FAIRFIELD USA - WEST - FFD,false,customers/1/site_20614.png,40.7552550,-73.9760030,2025-03-02 17:06:20.728 -0300,2026-04-06 13:32:01.168 -0300,1,41,NAZ,USA,false
20570,SAZ - CERVEJARIA PIRAI - PI,true,customers/1/site_20570.png,-22.6358660,-43.9089820,2025-01-31 19:35:43.842 -0300,2026-06-12 15:22:26.872 -0300,1,41,SAZ,BRA,true
20630,M-MONTE MOR/SP,true,customers/772/site_20630.jpeg,-22.9665000,-47.3209000,2025-03-18 07:57:54.434 -0300,2026-02-09 15:44:36.270 -0300,772,69,SAZ,BRA,false
20536,INTERCITY - JARAGUA/SP,true,customers/759/site_20536.jpeg,-23.4341000,-46.7434000,2024-11-20 10:17:38.784 -0300,2026-01-19 10:05:01.646 -0300,759,39,SAZ,BRA,false
20615,NAZ - WINDSOR USA - WIN,true,customers/1/site_20615.png,0.0000000,0.0000000,2025-03-02 17:11:19.276 -0300,2026-04-06 13:35:09.125 -0300,1,41,NAZ,USA,false
20589,SAZ - CERVEJARIA ADRIÁTICA - PG,true,customers/1/site_20589.png,-24.9658280,-50.3889710,2025-02-12 13:59:05.195 -0300,2026-03-24 16:35:10.630 -0300,1,41,SAZ,BRA,true
20580,SAZ - CERV. CACHOEIRAS DE MACACU - BM,true,customers/1/site_20580.png,-22.5191050,-42.7009370,2025-02-10 12:56:05.369 -0300,2026-03-24 17:04:30.825 -0300,1,41,SAZ,BRA,true
20745,DIVINÓPOLIS/MG,true,"",0.0000000,0.0000000,2025-07-23 13:18:31.341 -0300,2026-03-27 08:43:15.054 -0300,667,38,SAZ,BRA,false
20601,NAZ - ARNOLD USA - VERTICAL - ARN,true,customers/1/site_20601.png,0.0000000,0.0000000,2025-02-17 09:23:20.810 -0300,2026-04-06 13:25:54.201 -0300,1,41,NAZ,USA,false
20617,NAZ - EDMONTON CANADA - NORTH - EDM,true,customers/1/site_20617.png,0.0000000,0.0000000,2025-03-05 14:39:42.816 -0300,2026-04-06 13:36:54.458 -0300,1,41,NAZ,USA,false
20465,JACAREPAGUÁ  - RJ,true,customers/736/site_20465.jpg,-22.9213000,-43.3785850,2024-09-16 11:01:57.786 -0300,2025-02-28 19:15:05.413 -0300,736,41,SAZ,BRA,false
20943,DAVAO 2,true,customers/370/site_20943.jpeg,6.9319000,125.4751000,2026-05-21 00:09:23.375 -0300,2026-05-21 00:09:23.870 -0300,370,41,APAC,PHL,false
20623,NAZ - IDAHO FALLS USA - VERTICAL - IDF,true,customers/1/site_20623.jpeg,43.4451370,-112.0694510,2025-03-15 14:30:29.922 -0300,2026-04-06 13:41:43.921 -0300,1,41,NAZ,USA,false
20619,SARZEDO/MG,true,customers/770/site_20619.png,-20.0199000,-44.1436000,2025-03-10 11:23:51.390 -0300,2025-03-10 11:23:51.689 -0300,770,2,SAZ,BRA,false
20620,VIENTIANE PLANT,true,customers/771/site_20620.jpeg,17.8723000,102.6571800,2025-03-13 06:20:54.209 -0300,2025-03-13 06:20:54.510 -0300,771,41,APAC,LAO,false
20602,NAZ - VAN NUYS USA - WEST - LA,true,customers/1/site_20602.png,34.2241070,-118.4773660,2025-02-18 13:08:26.518 -0300,2026-04-06 13:27:39.342 -0300,1,41,NAZ,USA,false
20611,NAZ - FORT COLLINS USA - WEST - FCL,true,customers/1/site_20611.png,40.6197720,-105.0045290,2025-02-27 11:34:59.743 -0300,2026-04-06 13:29:03.246 -0300,1,41,NAZ,USA,false
20621,NAZ - MIRA LOMA USA - VERTICAL - MIR,true,customers/1/site_20621.jpeg,34.0313530,-117.5217780,2025-03-13 12:24:52.225 -0300,2025-07-09 13:35:29.332 -0300,1,41,NAZ,USA,false
20748,MONTES CLAROS/MG,true,"",0.0000000,0.0000000,2025-07-23 13:19:33.917 -0300,2025-07-23 13:19:33.917 -0300,667,38,SAZ,BRA,false
20808,"BIRMINGHAM, ALABAMA",true,customers/767/site_20808.jpeg,33.5186000,86.8104000,2025-08-29 17:22:32.879 -0300,2025-08-29 17:22:33.401 -0300,767,67,NAZ,USA,false
20627,NAZ - OKLAHOMA USA - VERTICAL - OKC,true,customers/1/site_20627.jpeg,35.3892680,-97.4822200,2025-03-15 14:38:19.434 -0300,2026-04-06 13:45:33.979 -0300,1,41,NAZ,USA,false
20706,CITRUS - SANTOS/SP,true,customers/745/site_20706.jpeg,-23.9591830,-46.3037290,2025-06-10 12:11:07.795 -0300,2025-06-10 12:11:08.009 -0300,745,69,SAZ,BRA,false
20612,M-NAZ - NEWARK USA - EAST - NWK,false,customers/1/site_20612.png,40.6952230,-74.1904620,2025-02-27 21:14:30.228 -0300,2026-04-06 13:31:25.660 -0300,1,41,NAZ,USA,false
20608,PLAINWELL/MI,false,customers/153/site_20608.png,42.4209520,-85.6481040,2025-02-20 15:43:26.400 -0300,2025-06-20 08:46:36.020 -0300,153,69,NAZ,USA,true
20629,NAZ - NEWBURGH USA - VERTICAL - NBG,true,customers/1/site_20629.jpeg,41.4974000,-74.0080430,2025-03-15 14:43:37.264 -0300,2026-04-06 13:46:46.738 -0300,1,41,NAZ,USA,false
20616,NAZ - LONDON ONTARIO CANADA - NORTH - LDN,true,customers/1/site_20616.png,0.0000000,0.0000000,2025-03-05 14:35:02.483 -0300,2026-04-06 13:36:13.567 -0300,1,41,NAZ,USA,false
20496,AFR-CHAMDOR SOUTH AFRICA - CHA,true,customers/1/site_20496.png,-26.1526160,27.7936460,2024-10-01 16:29:19.574 -0300,2025-05-21 19:46:23.216 -0300,1,41,AFR,ZAF,false
20613,PMFTC - PHILIPPINES,false,customers/769/site_20613.jpeg,14.1356000,121.1289000,2025-02-27 23:47:40.249 -0300,2025-10-27 14:39:01.707 -0300,769,100,APAC,PHL,false
20494,AFR-BEIRA MOZAMBIQUE - BEI,true,customers/1/site_20494.png,-15.1402660,39.2003160,2024-10-01 16:22:27.181 -0300,2025-05-21 19:46:30.527 -0300,1,41,AFR,MOZ,false
20493,AFR-ARUSHA TANZANIA - ARU,true,customers/1/site_20493.png,-3.3834940,36.6993830,2024-10-01 16:07:08.895 -0300,2025-05-21 19:46:38.205 -0300,1,41,AFR,TZA,false
20715,MAZ - LIMA PERU - MAL,true,customers/1/site_20715.jpeg,0.0000000,0.0000000,2025-06-22 17:59:46.656 -0300,2025-11-11 13:34:22.531 -0300,1,41,MAZ,PER,false
20624,NAZ - ST. JOHNS CANADA - EAST - STJ,true,customers/1/site_20624.jpeg,47.5500990,-52.7236640,2025-03-15 14:32:05.424 -0300,2026-04-06 13:42:22.095 -0300,1,41,NAZ,USA,false
20625,NAZ - JACKSONVILLE USA - VERTICAL - JCC,true,customers/1/site_20625.jpeg,30.4333250,-81.6461160,2025-03-15 14:34:27.848 -0300,2026-04-06 13:43:26.875 -0300,1,41,NAZ,USA,false
20951,"MABALACAT, PAMPANGA",true,customers/897/site_20951.jpeg,15.2352751,120.6103442,2026-06-02 22:52:03.772 -0300,2026-06-02 22:52:04.339 -0300,897,36,APAC,PHL,false
20637,SAZ - QUILMES ARGENTINA - QM,false,customers/1/site_20637.jpeg,0.0000000,0.0000000,2025-03-22 18:04:36.775 -0300,2026-06-08 10:42:10.124 -0300,1,41,SAZ,ARG,true
20634,EUR - BREMEN GERMANY - BRE,true,customers/1/site_20634.jpeg,0.0000000,0.0000000,2025-03-22 09:03:26.439 -0300,2025-07-30 14:31:19.241 -0300,1,41,EUR,DEU,true
20605,CACTUS/TX,true,customers/153/site_20605.png,36.0521400,-102.0091100,2025-02-20 13:33:05.627 -0300,2025-12-17 16:53:04.932 -0300,873,69,NAZ,USA,true
20636,EUR - LEUVEN BELGIUM - LEU,true,customers/1/site_20636.jpeg,0.0000000,0.0000000,2025-03-22 15:35:52.692 -0300,2025-12-04 14:20:26.676 -0300,1,41,EUR,BEL,true
20964,REFRESCO TAMPA,true,customers/935/site_20964.jpeg,27.9551971,-82.4064153,2026-06-22 21:32:04.845 -0300,2026-06-22 21:32:05.660 -0300,935,41,SAZ,USA,false
20505,AFR - JINJA MALTINGS - UGANDA - JIN,true,customers/1/site_20505.png,0.4401270,33.1800710,2024-10-11 10:29:16.422 -0300,2025-11-03 10:22:18.470 -0300,1,41,AFR,UGA,false
20960,M-MABE QUANTUM - CELAYA,true,"",20.3708980,-100.7967590,2026-06-19 09:32:35.671 -0300,2026-06-23 07:28:26.754 -0300,871,2,SAZ,MEX,false
20700,ALAGOINHAS/BA,true,customers/713/site_20700.jpeg,-12.1557280,-38.4043630,2025-05-29 10:27:24.420 -0300,2025-05-29 10:27:24.669 -0300,713,41,SAZ,BRA,false
20750,PAULÍNIA/SP,true,"",0.0000000,0.0000000,2025-07-23 13:23:35.640 -0300,2025-07-23 13:23:35.640 -0300,667,38,SAZ,BRA,false
20610,PALO ALTO COLLEGE,false,"",29.3229580,-98.5465300,2025-02-25 12:24:29.154 -0300,2025-11-27 10:23:26.860 -0300,768,100,NAZ,USA,false
20801,M-PREDLUB,true,customers/54/site_20801.jpeg,-22.5327100,-47.3900400,2025-08-19 15:11:40.305 -0300,2025-09-05 09:12:27.607 -0300,54,2,SAZ,BRA,false
20633,SAZ - SANTIAGO CHILE - CL,true,customers/1/site_20633.jpeg,0.0000000,0.0000000,2025-03-22 08:53:51.768 -0300,2025-09-22 10:54:49.866 -0300,1,41,SAZ,CHL,true
20746,IMPERATRIZ/MA,true,"",0.0000000,0.0000000,2025-07-23 13:18:54.300 -0300,2025-07-23 13:18:54.300 -0300,667,38,SAZ,BRA,false
20836,BASE DE CAMPO GRANDE,true,customers/797/site_20836.jpeg,-20.4519033,-54.6865464,2025-09-11 11:18:47.382 -0300,2025-10-07 09:42:30.620 -0300,797,46,SAZ,BRA,false
20450,APAC - PUTIAN CHINA - PUT,true,customers/1/site_20450.png,119.1500000,25.4400000,2024-09-06 02:40:16.169 -0300,2025-11-16 23:29:30.176 -0300,1,41,APAC,CHN,false
20877,MERALCO,true,customers/788/site_20877.jpeg,14.5901226,121.0648852,2025-11-20 04:21:38.325 -0300,2025-11-20 04:21:38.633 -0300,788,36,APAC,PHL,false
20390,NORTH YORK/ON,true,customers/677/site_20390.png,43.7393400,-79.3263100,2024-06-03 07:03:39.020 -0300,2025-11-27 10:13:17.240 -0300,677,43,NAZ,BRB,false
14881,WHITBY/ON,false,"",0.0000000,0.0000000,2023-07-19 22:38:54.419 -0300,2025-06-09 16:58:10.723 -0300,198,39,NAZ,USA,false
20797,BASE DE CUBATÃO,true,customers/797/site_20797.jpeg,-23.8886361,-46.4425392,2025-08-15 09:10:14.109 -0300,2025-10-07 09:37:01.756 -0300,797,46,SAZ,BRA,false
20368,SINT-TRUIDEN,true,customers/671/site_20368.jpg,50.8115537,5.1909744,2024-03-12 06:42:08.197 -0300,2025-11-27 10:20:14.741 -0300,671,1,NAZ,HKG,false
20583,SAZ - CERVEJARIA BOHEMIA - RJ,true,customers/1/site_20583.png,-22.5061330,-43.1846990,2025-02-11 15:46:07.511 -0300,2026-04-02 15:47:23.737 -0300,1,41,SAZ,BRA,true
20379,FRUTAL/MG,true,customers/268/site_20379.jpg,0.0000000,0.0000000,2024-04-29 10:16:54.933 -0300,2026-05-14 16:18:35.996 -0300,268,37,SAZ,BRA,false
20380,ITAPAGIPE/MG,true,customers/268/site_20380.jpg,0.0000000,0.0000000,2024-05-06 07:59:45.719 -0300,2026-05-16 09:10:26.875 -0300,268,37,SAZ,BRA,false
20586,SAZ - CERVEJARIA ANÁPOLIS - CE,true,customers/1/site_20586.png,-16.2973000,-48.8136300,2025-02-11 20:15:50.420 -0300,2026-03-24 16:34:42.476 -0300,1,41,SAZ,BRA,true
20842,BASE DE SANTAREM,true,customers/797/site_20842.jpeg,-2.4279863,-54.6981369,2025-09-12 10:05:15.661 -0300,2025-10-07 09:43:20.714 -0300,797,46,SAZ,BRA,false
20769,PHILIPPINE BATTERIES INCORPORATED,true,customers/801/site_20769.jpeg,14.8448781,121.0167659,2025-08-12 05:01:04.330 -0300,2025-08-13 23:19:07.578 -0300,801,34,APAC,PHL,false
20396,M-POLVO,true,customers/683/site_20396.png,0.0000000,0.0000000,2024-07-03 17:17:42.854 -0300,2025-12-02 15:19:25.476 -0300,683,46,SAZ,BRA,false
20799,POOL DE PAULÍNIA,true,customers/769/site_20799.jpeg,-22.7254447,-47.1457951,2025-08-15 09:24:41.971 -0300,2025-08-15 09:24:42.334 -0300,769,46,SAZ,BRA,false
20819,CL00151 - CENCOSUD - SANTIAGO - CL,true,customers/755/site_20819.jpeg,0.0000000,0.0000000,2025-09-05 12:02:00.926 -0300,2026-02-19 11:01:57.930 -0300,755,38,SAZ,CHL,false
20718,MAZ - ZACATECAS MEXICO - ZAC,true,customers/1/site_20718.jpeg,0.0000000,0.0000000,2025-06-22 18:02:31.688 -0300,2025-09-29 16:14:35.678 -0300,1,41,MAZ,MEX,false
20798,BASE DE BARUERI,true,customers/797/site_20798.jpeg,-23.5051775,-46.8310073,2025-08-15 09:12:39.629 -0300,2025-10-07 09:37:36.244 -0300,797,46,SAZ,BRA,false
20688,CHUPINGUAIA/RO,true,customers/765/site_20688.jpeg,-12.5797500,-60.9058000,2025-05-20 09:58:52.378 -0300,2025-10-28 09:22:17.821 -0300,765,42,SAZ,BRA,false
20862,AFR-TANZANIA DISTILLERIES LIMITED,true,customers/1/site_20862.jpeg,-6.8430318,39.2597045,2025-10-08 09:42:21.271 -0300,2025-10-10 08:39:41.642 -0300,1,41,AFR,TZA,false
20906,BALL - UNIDADE RECIFE LATAS - PE,true,"",-8.3394500,-35.0181100,2026-02-23 09:44:53.819 -0300,2026-02-23 09:44:53.819 -0300,875,41,SAZ,BRA,false
20495,AFR - CALEDON MALTINGS - SOUTH AFRICA - CAL,false,customers/1/site_20495.png,-34.2413250,19.4302860,2024-10-01 16:28:07.517 -0300,2025-09-08 16:13:11.441 -0300,1,41,AFR,ZAF,false
20489,SÃO CARLOS/SP,false,customers/749/site_20489.jpg,-22.0218900,-47.9052900,2024-10-01 10:17:07.872 -0300,2025-10-02 14:39:16.149 -0300,749,100,SAZ,BRA,false
20555,SAZ - CERVEJARIA SETE LAGOAS - NM,true,customers/1/site_20555.png,-19.3795060,-44.2074130,2025-01-21 09:50:02.615 -0300,2026-06-12 15:29:22.870 -0300,1,41,SAZ,BRA,false
20814,POOL DE CAMPOS,true,customers/797/site_20814.jpeg,-21.7847402,-41.3826145,2025-09-02 14:02:16.255 -0300,2025-10-07 09:38:56.492 -0300,797,46,SAZ,BRA,false
20692,SAO GABRIEL/RS,true,customers/765/site_20692.jpeg,-30.3714100,-54.3484500,2025-05-20 11:26:45.596 -0300,2025-10-28 09:28:58.257 -0300,765,42,SAZ,BRA,false
20686,BATAGUASSU/MS,true,customers/765/site_20686.jpeg,-21.7460540,-52.4733610,2025-05-19 17:03:22.425 -0300,2026-01-20 14:29:04.824 -0300,765,42,SAZ,BRA,false
20795,BASE DE SÃO JOSÉ DO RIO PRETO (TX),true,customers/797/site_20795.jpeg,-20.7930940,-49.3899607,2025-08-15 09:04:22.474 -0300,2025-10-07 09:36:22.756 -0300,797,46,SAZ,BRA,false
20730,GRAXARIA - PARANATINGA/MT - PRN,true,customers/765/site_20730.jpeg,0.0000000,0.0000000,2025-06-30 09:10:29.400 -0300,2025-10-28 09:32:14.940 -0300,765,42,SAZ,BRA,false
20831,POOL DE ITAJAI,true,customers/797/site_20831.jpeg,-26.9474888,-48.7100954,2025-09-10 12:24:00.559 -0300,2025-10-07 09:41:23.815 -0300,797,46,SAZ,BRA,false
20796,BASE DE SÃO JOSÉ DO RIO PRETO,true,customers/797/site_20796.jpeg,-20.7940714,-49.3901551,2025-08-15 09:07:23.532 -0300,2025-10-07 09:36:37.123 -0300,797,46,SAZ,BRA,false
20689,BAGE/RS,true,customers/765/site_20689.jpeg,-31.3424700,-53.9809700,2025-05-20 10:04:20.926 -0300,2025-10-28 09:37:35.570 -0300,765,42,SAZ,BRA,false
20763,M-MAZ - REPUBLICA DOMINICANA - HATO NUEVO,true,customers/1/site_20763.jpeg,0.0000000,0.0000000,2025-07-31 15:44:08.920 -0300,2025-12-10 14:02:44.166 -0300,1,41,MAZ,DOM,false
20872,M-HURST/TX,true,"",0.0000000,0.0000000,2025-10-28 15:04:44.585 -0300,2025-10-31 10:53:54.770 -0300,869,2,NAZ,USA,false
20867,JACAREI/SP,true,customers/867/site_20867.jpeg,-23.2806830,-46.0028570,2025-10-13 11:36:42.730 -0300,2025-11-04 08:55:21.387 -0300,867,38,SAZ,BRA,false
20861,MANITOBA/MN,true,customers/198/site_20861.jpeg,50.0000000,96.0000000,2025-10-08 09:01:47.649 -0300,2025-12-17 20:56:19.838 -0300,198,39,NAZ,CAN,false
20707,INDIANAPOLIS/IN,true,customers/783/site_20707.jpeg,-39.8895500,-86.2407800,2025-06-10 13:59:26.766 -0300,2025-11-10 09:06:34.630 -0300,783,69,NAZ,USA,false
20604,MARSHALLTOWN/IA,true,customers/874/site_20604.jpeg,42.0572800,-92.8937150,2025-02-20 13:31:54.886 -0300,2026-01-12 16:25:54.310 -0300,874,69,NAZ,USA,true
20944,M-AVON LAKE - EM,true,"",41.5644190,-82.0893090,2026-05-22 09:57:28.079 -0300,2026-05-22 09:58:00.158 -0300,767,67,NAZ,USA,false
20888,"DELTA, OH",true,customers/876/site_20888.jpeg,41.5687000,84.0481000,2025-12-23 17:15:12.749 -0300,2026-01-12 16:47:06.677 -0300,876,1,NAZ,USA,false
20431,M-FRUTAL/MG,false,customers/702/site_20431.jpeg,-20.0304000,-48.8861000,2024-07-23 10:51:16.680 -0300,2026-03-16 14:46:12.587 -0300,702,41,SAZ,BRA,false
20802,M-BIOENERGTICA AROEIRA,false,customers/833/site_20802.jpeg,-18.6588820,-48.6142770,2025-08-20 07:56:00.173 -0300,2026-03-16 14:45:53.299 -0300,833,68,SAZ,BRA,false
20809,CCU NPR RENCA - CHILE,true,customers/834/site_20809.jpeg,0.0000000,0.0000000,2025-08-31 09:11:23.499 -0300,2026-03-24 16:45:25.038 -0300,834,41,SAZ,CHL,false
20952,PEPSICO GATORADE - SANTO DOMINGO/DO,true,customers/742/site_20952.jpeg,18.4419000,-70.0163000,2026-06-03 15:21:42.957 -0300,2026-06-07 09:33:58.490 -0300,742,41,SAZ,DOM,false
20581,SAZ - CERVEJARIA CUIABÁ - CI,true,customers/1/site_20581.png,-15.5660340,-56.1282330,2025-02-11 08:11:14.808 -0300,2026-03-24 17:10:06.965 -0300,1,41,SAZ,BRA,true
20588,SAZ - CERVEJARIA AQUIRAZ - AQ,true,customers/1/site_20588.png,-4.0322260,-38.5128890,2025-02-12 10:24:34.096 -0300,2026-06-12 15:28:50.878 -0300,1,41,SAZ,BRA,true
20899,STELLANTIS - BELO HORIZONTE/MG,false,"",-19.9494320,-44.1150080,2026-02-02 16:13:33.525 -0300,2026-06-22 15:54:58.474 -0300,836,34,SAZ,BRA,false
20618,M-NAZ - MERRIMACK USA - EAST - MER,false,customers/1/site_20618.png,42.8256110,-71.4883470,2025-03-06 09:20:58.153 -0300,2026-07-29 15:02:30.994 -0300,1,41,NAZ,USA,false
20640,M-PED MOBILE,true,customers/54/site_20640.jpeg,-22.5325220,-47.3900040,2025-03-24 11:05:20.434 -0300,2026-05-22 09:58:31.955 -0300,54,2,SAZ,BRA,false
20643,"M-TEMPLE, TX",true,customers/760/site_20643.jpeg,31.1310900,-97.3384000,2025-03-24 15:21:57.915 -0300,2026-05-12 20:49:56.708 -0300,760,70,NAZ,USA,false
20638,MIRAMAR/PA,true,customers/773/site_20638.jpeg,0.0000000,0.0000000,2025-03-24 08:32:34.017 -0300,2025-03-24 08:32:34.297 -0300,773,46,SAZ,BRA,false
20937,"ATHENS, TX",true,"",0.0000000,0.0000000,2026-04-23 16:46:07.311 -0300,2026-05-13 08:44:10.078 -0300,890,2,SAZ,USA,false
20945,AFR-ALRODE MALTINGS SOUTH AFRICA - ALR,true,customers/1/site_20945.jpeg,-26.3124760,28.1366420,2026-05-22 15:14:09.789 -0300,2026-05-22 15:14:10.526 -0300,1,41,AFR,ZAF,false
20971,BENEVIDES/PA,true,customers/713/site_20971.jpeg,0.0000000,0.0000000,2026-07-13 11:57:17.775 -0300,2026-07-13 11:57:18.299 -0300,713,41,SAZ,BRA,false
20652,SAZ - ACHERAL ARGENTINA - AH,true,customers/1/site_20652.jpeg,0.0000000,0.0000000,2025-03-27 20:32:36.434 -0300,2025-09-22 10:54:39.872 -0300,1,41,SAZ,ARG,true
20642,EUR - MUNICH GERMANY - MUN,true,customers/1/site_20642.jpeg,48.1451280,11.5541680,2025-03-24 12:16:59.001 -0300,2025-07-30 14:29:34.087 -0300,1,41,EUR,DEU,true
20631,SORRISO/MT,true,customers/707/site_20631.jpeg,0.0000000,0.0000000,2025-03-19 16:42:55.517 -0300,2025-05-09 09:33:45.216 -0300,707,69,SAZ,BRA,false
20657,PETRÓPOLIS/RJ,true,customers/702/site_20657.jpeg,-22.5086700,-43.2211110,2025-04-07 09:46:15.528 -0300,2025-04-07 09:46:15.843 -0300,702,41,SAZ,BRA,false
20518,AFR-MARRACUENE MOZAMBIQUE - MAR,true,customers/1/site_20518.png,-25.6938800,32.6586640,2024-10-25 09:21:46.915 -0300,2025-05-21 19:44:36.058 -0300,1,41,AFR,MOZ,false
20650,EUR - DOMMELEN NETHERLANDS - DOM,true,customers/1/site_20650.jpeg,0.0000000,0.0000000,2025-03-26 19:53:22.613 -0300,2025-07-30 14:28:51.130 -0300,1,41,EUR,NLD,true
20908,CDLR - SALTILLO,true,"",0.0000000,0.0000000,2026-03-03 11:15:25.359 -0300,2026-07-21 14:06:21.112 -0300,871,2,NAZ,MEX,false
20609,"MASSILLON, OH",true,customers/767/site_20609.jpg,40.7451647,-81.5047849,2025-02-20 16:44:10.344 -0300,2025-03-24 15:23:10.618 -0300,767,100,NAZ,USA,false
20649,EUR - WERNIGERODE GERMANY - WER,true,customers/1/site_20649.jpeg,0.0000000,0.0000000,2025-03-26 15:41:38.036 -0300,2025-08-05 12:34:19.231 -0300,1,41,EUR,DEU,false
20645,EUR - LAS PALMAS SPAIN - LPS,true,customers/1/site_20645.jpeg,0.0000000,0.0000000,2025-03-24 16:29:09.624 -0300,2025-07-30 14:29:18.181 -0300,1,41,EUR,ESP,true
20646,JACKSON/MI,true,"",0.0000000,0.0000000,2025-03-25 08:53:00.503 -0300,2025-03-25 08:53:00.503 -0300,198,39,NAZ,USA,false
20648,EUR - SANTA CRUZ SPAIN - SRC,true,customers/1/site_20648.jpeg,0.0000000,0.0000000,2025-03-26 15:22:53.729 -0300,2025-07-30 14:29:02.278 -0300,1,41,EUR,ESP,true
20644,EUR - SAMLESBURY ENGLAND - SAM,true,customers/1/site_20644.jpeg,53.7617740,-2.6168710,2025-03-24 16:19:33.580 -0300,2025-07-30 14:29:24.225 -0300,1,41,EUR,GBR,true
20921,ITAPISSUMA/PE,true,customers/753/site_20921.jpeg,-7.7700000,-34.9000000,2026-03-25 10:47:40.033 -0300,2026-03-25 10:47:40.846 -0300,753,41,SAZ,BRA,false
20674,MAZ - GUADALAJARA MEXICO - GUA,true,customers/1/site_20674.jpeg,20.6635200,-103.3760370,2025-04-22 15:46:48.575 -0300,2025-09-01 09:21:36.039 -0300,1,41,MAZ,MEX,false
20668,MAZ - CAN ZACATECAS MEXICO - EZAC,true,customers/1/site_20668.jpeg,22.7727850,-102.5762530,2025-04-22 15:36:46.561 -0300,2025-09-01 09:22:12.968 -0300,1,41,MAZ,MEX,false
20509,AFR-MANZINI ESWATINI – ESW,true,customers/1/site_20509.png,-26.5071870,31.2981750,2024-10-14 13:56:22.238 -0300,2025-05-21 19:45:08.450 -0300,1,41,AFR,SWZ,false
20664,MAZ - SAN PEDRO SULA HONDURAS - SPS CSD,true,customers/1/site_20664.jpeg,15.5028290,-88.0251610,2025-04-14 14:21:23.736 -0300,2025-09-01 09:22:29.907 -0300,1,41,MAZ,HND,false
20647,TIGU - GUARÁ/SP,true,"",8.0000000,9.0000000,2025-03-25 17:48:24.053 -0300,2026-03-10 08:47:37.227 -0300,369,38,SAZ,BRA,false
20653,SAZ - MANANTIAL ARGENTINA - ML,true,customers/1/site_20653.jpeg,0.0000000,0.0000000,2025-03-29 08:35:12.378 -0300,2025-09-22 10:54:35.489 -0300,1,41,SAZ,ARG,true
20658,ITU/SP,true,customers/713/site_20658.jpeg,-23.2515960,-47.3439070,2025-04-10 20:18:57.600 -0300,2025-09-17 07:33:01.420 -0300,713,41,SAZ,BRA,false
20926,BRF - LUCAS DO RIO VERDE/MT,true,customers/887/site_20926.jpeg,0.0000000,0.0000000,2026-03-30 15:14:14.182 -0300,2026-03-30 15:14:14.872 -0300,887,42,SAZ,BRA,false
20660,MAZ - MERIDA MEXICO - YUC,true,customers/1/site_20660.jpeg,20.9746670,-89.6286910,2025-04-14 13:40:31.708 -0300,2025-09-01 09:22:55.214 -0300,1,41,MAZ,MEX,false
20878,TERESPOLIS/RJ,true,"",-22.4159310,-42.9740923,2025-11-21 10:27:43.840 -0300,2026-02-11 16:01:43.559 -0300,753,41,SAZ,BRA,false
20661,MAZ - MALT ZACATECAS MEXICO - MZAC,true,customers/1/site_20661.jpeg,22.7681100,-102.5509710,2025-04-14 14:02:17.791 -0300,2025-09-01 09:22:48.182 -0300,1,41,MAZ,MEX,false
20651,EUR - HOEGAARDEN BELGIUM - HOE,true,customers/1/site_20651.jpeg,0.0000000,0.0000000,2025-03-26 19:59:47.812 -0300,2025-07-30 14:28:39.989 -0300,1,41,EUR,NLD,true
20498,AFR-GATEWAY BREWERY NIGERIA - GAT,true,customers/1/site_20498.png,6.9165040,3.5715300,2024-10-02 10:53:56.387 -0300,2025-05-21 19:46:11.714 -0300,1,41,AFR,NGA,false
20663,MAZ - MEXICO CENTRO - APAN,true,customers/1/site_20663.jpeg,19.4567150,-99.2212840,2025-04-14 14:11:38.054 -0300,2025-09-01 09:22:36.471 -0300,1,41,MAZ,MEX,false
20665,MAZ - MEDELLIN COLOMBIA - MED,true,customers/1/site_20665.jpeg,6.2495510,-75.5676310,2025-04-15 18:49:37.043 -0300,2025-09-01 09:22:23.837 -0300,1,41,MAZ,COL,false
20654,EUR - ISSUM GERMANY - ISS,false,customers/1/site_20654.jpeg,0.0000000,0.0000000,2025-03-29 08:53:30.745 -0300,2025-10-13 11:04:17.445 -0300,1,41,EUR,DEU,false
20626,NAZ - CRESTON CANADA - NORTH - CRE,true,customers/1/site_20626.jpeg,49.0893770,-116.5079050,2025-03-15 14:36:42.523 -0300,2026-04-06 13:44:03.520 -0300,1,41,NAZ,USA,false
20669,MAZ - CERV. NAC. DOMINICANA - CD,true,customers/1/site_20669.jpeg,18.4408070,-69.9396970,2025-04-22 15:38:20.243 -0300,2025-09-01 09:22:05.513 -0300,1,41,MAZ,DOM,false
20655,KERRY ROCHESTER,true,customers/775/site_20655.jpeg,44.0354200,-92.4976000,2025-04-04 16:27:27.200 -0300,2025-04-22 13:33:07.652 -0300,775,69,NAZ,USA,false
20666,MAZ - MEXICO PLANT - CMM,true,customers/1/site_20666.jpeg,0.0000000,0.0000000,2025-04-15 19:13:21.524 -0300,2025-09-01 09:22:18.766 -0300,1,41,MAZ,MEX,false
20670,MAZ - IND LA CONSTANCIA EL SALVADOR - ILC CSD,true,customers/1/site_20670.jpeg,13.7104720,-89.1817060,2025-04-22 15:40:16.238 -0300,2025-09-01 09:21:59.785 -0300,1,41,MAZ,SLV,false
20671,MAZ - TIERRA BLANCA MEXICO - VTB,true,customers/1/site_20671.jpeg,-22.8981820,-47.0142870,2025-04-22 15:41:21.079 -0300,2025-09-01 09:21:54.269 -0300,1,41,MAZ,MEX,false
20672,MAZ - GLASS POTOSI MEXICO - IVP,true,customers/1/site_20672.jpeg,22.2099270,-100.9989140,2025-04-22 15:43:46.733 -0300,2025-09-01 09:21:47.622 -0300,1,41,MAZ,MEX,false
20673,MAZ - QUITO ECUADOR - UIO,true,customers/1/site_20673.jpeg,-0.2242340,-78.5138440,2025-04-22 15:45:25.023 -0300,2025-09-01 09:21:41.668 -0300,1,41,MAZ,ECU,false
20497,AFR-DAR ES SALAAM TANZANIA - DAR,true,customers/1/site_20497.png,-6.7948890,39.2114060,2024-10-01 16:32:00.778 -0300,2025-05-21 19:46:17.056 -0300,1,41,AFR,TZA,false
20930,MAZ - BOYACA COLOMBIA - BOY,true,customers/1/site_20930.jpeg,0.0000000,0.0000000,2026-04-13 18:34:01.627 -0300,2026-04-13 18:34:02.185 -0300,1,41,MAZ,COL,false
20659,AVON LAKE - EM,false,customers/767/site_20659.jpeg,41.4854700,-82.0492400,2025-04-14 01:10:58.078 -0300,2025-11-03 16:32:37.929 -0300,767,67,NAZ,USA,false
20394,ITAPETININGA/SP,false,customers/681/site_20394.JPG,0.0000000,0.0000000,2024-06-26 11:12:04.999 -0300,2025-11-27 10:13:31.897 -0300,681,45,SAZ,BRA,false
20667,HYRUM/UT,true,customers/153/site_20667.jpeg,41.6441500,0.0000000,2025-04-21 13:22:55.983 -0300,2025-12-17 16:16:55.567 -0300,873,69,NAZ,USA,true
20530,AFR-POLOKWANE SOUTH AFRICA - POL,true,customers/1/site_20530.png,-23.8632080,29.4734560,2024-11-05 14:04:59.950 -0300,2025-05-21 19:43:36.164 -0300,1,41,AFR,ZAF,false
20529,AFR-PABOD BREWERY NIGERIA - PAB,true,customers/1/site_20529.png,4.8286490,7.0389940,2024-11-05 13:52:05.870 -0300,2025-05-21 19:43:45.248 -0300,1,41,AFR,NGA,false
20519,AFR-MBEYA TANZANIA - MBE,true,customers/1/site_20519.png,-8.9362250,33.4061920,2024-10-25 14:53:38.253 -0300,2025-05-21 19:44:29.834 -0300,1,41,AFR,TZA,false
20708,ITAQUIRAÍ-MS,true,customers/785/site_20708.jpeg,-23.5171270,-54.1547210,2025-06-11 19:11:19.734 -0300,2025-06-11 19:11:20.204 -0300,785,42,SAZ,BRA,false
20868,CABO DE SANTO AGOSTINHO/PE,true,customers/867/site_20868.jpeg,-8.2652860,-35.0143120,2025-10-13 11:39:31.294 -0300,2025-10-24 09:32:27.706 -0300,867,38,SAZ,BRA,false
20719,LIMEIRA/SP,true,"",-22.7086030,-47.3249820,2025-06-23 17:07:57.752 -0300,2025-06-23 17:07:57.752 -0300,625,40,SAZ,BRA,false
20891,SAZ - LEVEDURA - FL,true,customers/1/site_20891.jpeg,-7.7275110,-34.9272503,2026-01-13 09:11:17.909 -0300,2026-01-13 09:14:07.251 -0300,1,41,SAZ,BRA,false
20687,ARARAQUARA/SP - CD,true,customers/765/site_20687.jpeg,-21.7454900,-48.1339500,2025-05-20 08:36:11.265 -0300,2025-10-28 09:21:44.698 -0300,765,42,SAZ,BRA,false
20747,LAVRAS/MG,true,"",0.0000000,0.0000000,2025-07-23 13:19:13.380 -0300,2025-07-23 13:19:13.380 -0300,667,38,SAZ,BRA,false
20764,TAILÂNDIA /PA,true,customers/796/site_20764.jpeg,-2.5258240,-48.7636090,2025-08-01 11:29:34.961 -0300,2025-08-01 11:29:35.634 -0300,796,68,SAZ,BRA,false
20837,BASE DE CUIABA,true,customers/797/site_20837.jpeg,15.6686115,-55.9839031,2025-09-11 12:19:18.471 -0300,2025-10-07 09:42:42.490 -0300,797,46,SAZ,BRA,false
20731,GRAXARIA - ROLIM DE MOURA/RO - RMO,true,customers/765/site_20731.jpeg,0.0000000,0.0000000,2025-06-30 09:11:15.285 -0300,2025-10-28 09:32:40.761 -0300,765,42,SAZ,BRA,false
20843,BASE DE ITAITUBA,true,customers/797/site_20843.jpeg,-4.2859001,-56.0324078,2025-09-12 10:36:14.105 -0300,2025-10-07 09:43:35.837 -0300,797,46,SAZ,BRA,false
20931,AUBURNDALE / FL,true,customers/889/site_20931.jpeg,28.0550561,-81.7969766,2026-04-15 16:01:05.082 -0300,2026-04-17 19:06:16.489 -0300,889,41,NAZ,USA,false
20955,ILIGAN PLANT,true,customers/900/site_20955.jpeg,8.2893628,124.2587567,2026-06-09 02:56:30.452 -0300,2026-06-09 02:56:30.935 -0300,900,68,APAC,PHL,false
20662,MAZ - TUXTEPEC MEXICO - TUX,true,customers/1/site_20662.jpeg,18.1002320,-96.1312150,2025-04-14 14:04:14.480 -0300,2025-09-11 09:32:07.711 -0300,1,41,MAZ,MEX,false
20825,MAZ - LABEL INDUGRAL COLOMBIA - IGL,true,customers/1/site_20825.jpeg,4.6834890,-74.1196340,2025-09-09 08:52:58.422 -0300,2025-09-11 09:36:17.548 -0300,1,41,MAZ,COL,false
20701,MANAUS/AM,true,"",0.0000000,0.0000000,2025-06-03 08:39:02.562 -0300,2025-10-08 14:50:23.329 -0300,114,70,SAZ,BRA,true
20873,CALVERT / AL,true,customers/870/site_20873.jpeg,31.1437474,-87.9991727,2025-10-28 16:40:47.893 -0300,2026-01-30 16:35:38.398 -0300,870,1,NAZ,USA,true
20364,ADVANTAGE RELIABILITY SERVICES,true,customers/669/site_20364.png,40.0108100,-85.9553500,2024-02-07 13:21:18.103 -0300,2025-11-27 10:14:49.219 -0300,669,2,NAZ,JAM,false
20387,NOVA UBIRATA/MT,false,"",0.0000000,0.0000000,2024-05-14 09:33:04.897 -0300,2025-09-19 09:21:11.129 -0300,675,36,SAZ,SGS,false
20740,ATIBAIA/SP - FLUÍDOS,true,customers/787/site_20740.jpeg,-23.0483560,-46.6729920,2025-07-10 14:03:16.578 -0300,2025-10-01 17:25:00.100 -0300,787,34,SAZ,BRA,false
20815,BASE DE BETIM,true,customers/797/site_20815.jpeg,-19.9561077,-44.1045486,2025-09-02 14:10:43.201 -0300,2025-10-07 09:39:10.335 -0300,797,46,SAZ,BRA,false
20681,CASTEL LUANDA ANGOLA,true,customers/778/site_20681.jpeg,0.0000000,0.0000000,2025-05-02 09:57:00.932 -0300,2025-11-27 10:22:19.961 -0300,778,41,AFR,AGO,false
20820,POOL DE IMBIRICU,true,customers/797/site_20820.jpeg,-19.9477068,-44.1066642,2025-09-05 13:32:08.392 -0300,2025-10-07 09:39:37.189 -0300,797,46,SAZ,BRA,false
13941,SAZ - FABRICA DE LATAS SETE LAGOAS - LM,true,"",-19.3747726,-44.2030372,2022-06-29 10:37:22.514 -0300,2026-06-12 15:20:49.219 -0300,1,41,SAZ,BRA,true
20827,BASE DE CRUZ ALTA,true,customers/797/site_20827.jpeg,-28.6825385,-53.6145457,2025-09-09 09:13:59.657 -0300,2025-10-07 09:40:43.556 -0300,797,46,SAZ,BRA,false
20832,POOL DE MACEIO,true,customers/797/site_20832.jpeg,-9.6739082,-35.7198151,2025-09-10 14:12:01.670 -0300,2025-10-07 09:41:38.130 -0300,797,46,SAZ,BRA,false
20560,SAZ - CERVEJARIA PERNAMBUCO - NS,true,customers/1/site_20560.png,-7.7572760,-34.9237990,2025-01-26 15:41:57.012 -0300,2026-03-24 17:05:40.117 -0300,1,41,SAZ,BRA,true
20938,ARICA MINERACAO,true,"",15.0000000,56.0000000,2026-04-30 09:58:20.499 -0300,2026-04-30 09:59:34.278 -0300,836,36,SAZ,BRA,false
20573,SAZ - CERVEJARIA UBERLANDIA - UB,true,customers/1/site_20573.png,-18.9613570,-48.0679380,2025-02-03 15:22:00.487 -0300,2026-03-24 17:07:42.072 -0300,1,41,SAZ,BRA,true
20376,OUROESTE/SP,true,customers/268/site_20376.jpg,19.9502200,50.4342100,2024-04-26 14:49:03.909 -0300,2026-05-13 10:47:10.549 -0300,268,37,SAZ,BRA,false
20922,UBERABA/MG,true,customers/753/site_20922.jpeg,-19.7800000,-47.9300000,2026-03-25 10:49:07.798 -0300,2026-03-25 10:49:08.406 -0300,753,41,SAZ,BRA,false
20879,PETROPOLIS/RJ,true,"",-22.3603190,-43.1270170,2025-11-21 10:29:05.810 -0300,2026-03-25 16:36:20.446 -0300,753,41,SAZ,BRA,false
20883,GAS VERDE - RIO DE JANEIRO/RJ,true,customers/836/site_20883.jpeg,-22.7862390,-43.7663360,2025-12-01 08:37:53.345 -0300,2026-05-21 14:04:32.112 -0300,836,46,SAZ,BRA,false
20900,BELOV - RIO DE JANEIRO/RJ,true,"",-22.5433030,-42.9264300,2026-02-02 16:16:09.522 -0300,2026-05-21 14:05:05.413 -0300,836,46,SAZ,BRA,false
20907,EURECAT - PASADENA - TX,true,customers/880/site_20907.jpeg,29.6417600,-95.0630900,2026-02-23 10:38:03.924 -0300,2026-03-27 17:55:39.598 -0300,880,46,NAZ,USA,false
20927,RIO CLARO/SP,true,"",-22.3535130,-47.5505890,2026-03-30 17:41:14.034 -0300,2026-03-30 17:41:14.034 -0300,888,67,SAZ,BRA,false
20464,USINA SEBASTIANOPOLIS DO SUL/SP,true,customers/735/site_20464.png,-20.5824000,-49.9504000,2024-09-15 13:07:06.122 -0300,2026-04-17 10:34:11.308 -0300,735,37,SAZ,BRA,false
20946,BUNGE SAO FRANCISCO DO SUL-SC,true,customers/891/site_20946.jpeg,-26.2433000,-48.6381000,2026-05-25 10:06:32.569 -0300,2026-05-25 10:06:33.185 -0300,891,37,SAZ,BRA,false
20953,RIO VERDE/GO,true,customers/898/site_20953.jpeg,-17.8170780,-50.9605640,2026-06-03 15:53:16.241 -0300,2026-06-03 15:53:16.726 -0300,898,68,SAZ,BRA,false
20961,AMAZON FORTALEZA,true,customers/932/site_20961.jpeg,-3.9720800,-38.5288900,2026-06-22 08:08:59.534 -0300,2026-06-22 08:23:12.931 -0300,932,38,SAZ,BRA,false
20965,ICEPORT - NAVEGANTES/SC,true,customers/682/site_20965.jpeg,-26.8931280,-48.6613670,2026-06-23 14:52:07.029 -0300,2026-06-23 14:59:05.246 -0300,682,38,SAZ,BRA,false
20966,LIMEIRA/SP,true,customers/936/site_20966.jpeg,-22.6095020,-47.4774920,2026-06-26 08:46:41.709 -0300,2026-06-26 08:46:42.511 -0300,936,34,SAZ,BRA,false
20972,ALEXANIA/GO,true,customers/713/site_20972.jpeg,0.0000000,0.0000000,2026-07-13 15:31:44.579 -0300,2026-07-13 15:31:45.081 -0300,713,41,SAZ,BRA,false
20863,RAIZEN - BARRA - BARRA BONITA/SP,true,"",-22.4794350,-48.5413740,2025-10-10 09:04:25.562 -0300,2026-07-29 14:50:59.066 -0300,195,37,SAZ,BRA,false
20975,CAXIAS/MA,true,customers/713/site_20975.jpeg,0.0000000,0.0000000,2026-07-23 16:38:48.973 -0300,2026-07-23 16:38:49.506 -0300,713,41,SAZ,BRA,false
20978,SANTA ROSA 1,true,customers/370/site_20978.jpeg,14.2820000,121.0830000,2026-07-28 04:40:58.100 -0300,2026-07-28 04:42:59.482 -0300,370,41,APAC,PHL,false
20846,ITUMBIARA/GO - MILHO,true,customers/707/site_20846.jpeg,-18.3877000,-49.2048000,2025-09-25 14:31:49.175 -0300,2025-09-25 14:31:49.525 -0300,707,69,SAZ,BRA,false
20709,ESTRELA DOESTE,true,customers/786/site_20709.jpeg,-20.2902400,-50.4050400,2025-06-12 11:53:44.974 -0300,2025-07-07 14:31:08.467 -0300,786,42,SAZ,BRA,false
20531,AFR-PROSPECTON SOUTH AFRICA - PRO,true,customers/1/site_20531.png,-29.9915610,30.9277730,2024-11-07 13:01:31.229 -0300,2025-05-21 19:43:30.186 -0300,1,41,AFR,ZAF,false
20528,AFR-ONITSHA BREWERY NIGERIA - ONI,true,customers/1/site_20528.png,6.1279690,6.7651000,2024-11-04 15:17:58.609 -0300,2025-05-21 19:43:51.621 -0300,1,41,AFR,NGA,false
20526,AFR-NEWLANDS SOUTH AFRICA - NEW,true,customers/1/site_20526.png,-33.9734800,18.4665470,2024-10-30 08:26:45.928 -0300,2025-05-21 19:44:01.303 -0300,1,41,AFR,ZAF,false
20384,SANTA JULIANA/MG,true,customers/268/site_20384.jpg,0.0000000,0.0000000,2024-05-09 13:50:46.633 -0300,2026-05-27 10:04:28.818 -0300,268,37,SAZ,BRA,false
20874,PILMICO FOODS CORPORATION - ILIGAN DEMO,true,customers/788/site_20874.jpeg,8.2894700,124.2588284,2025-11-13 00:09:35.638 -0300,2025-11-13 00:09:35.946 -0300,788,69,APAC,PHL,false
20679,GOIATUBA/GO,true,customers/777/site_20679.jpeg,-17.9533880,-49.8550890,2025-04-25 11:04:45.345 -0300,2025-04-25 11:25:52.665 -0300,777,37,SAZ,BRA,false
20864,CURITIBA/PR,true,customers/867/site_20864.jpeg,-25.5312440,-49.3290690,2025-10-13 11:30:59.203 -0300,2025-10-24 09:29:55.086 -0300,867,38,SAZ,BRA,false
20753,TIPA - PALMEIRANTE/TO,true,customers/369/site_20753.jpeg,0.0000000,0.0000000,2025-07-28 08:24:08.516 -0300,2026-03-10 08:49:50.330 -0300,369,38,SAZ,BRA,false
20755,TIPI - PIRAPORA/MG,true,customers/369/site_20755.jpeg,0.0000000,0.0000000,2025-07-28 08:25:41.782 -0300,2026-03-10 08:51:01.058 -0300,369,38,SAZ,BRA,false
20758,TIUB - UBERABA/MG,true,customers/369/site_20758.jpeg,0.0000000,0.0000000,2025-07-28 08:27:27.291 -0300,2026-03-10 08:52:51.581 -0300,369,38,SAZ,BRA,false
20759,TMIB - BARRA DOS COQUEIROS/SE,true,customers/369/site_20759.jpeg,0.0000000,0.0000000,2025-07-28 08:28:12.196 -0300,2026-03-10 08:54:14.605 -0300,369,38,SAZ,BRA,false
20816,DEMONSTRACAO,true,customers/836/site_20816.jpeg,0.0000000,0.0000000,2025-09-02 15:44:26.104 -0300,2026-05-21 14:04:11.643 -0300,836,2,SAZ,BRA,false
20639,EUR - JUPILLE BELGIUM - JUP,true,customers/1/site_20639.jpeg,50.6483970,5.6261020,2025-03-24 08:47:14.221 -0300,2025-07-30 14:29:46.979 -0300,1,41,EUR,BEL,true
20635,EUR - MAGOR WALES - MAG,true,customers/1/site_20635.jpeg,0.0000000,0.0000000,2025-03-22 09:04:49.333 -0300,2025-07-30 14:31:11.319 -0300,1,41,EUR,GBR,true
20765,GRAXARIA - MINEIROS/GO,true,customers/765/site_20765.jpeg,0.0000000,0.0000000,2025-08-04 08:54:57.669 -0300,2025-08-04 08:54:58.042 -0300,765,42,SAZ,BRA,false
20691,ALEGRETE/RS,true,customers/765/site_20691.jpeg,-29.7616000,-55.8630500,2025-05-20 10:36:59.893 -0300,2025-10-28 09:25:25.371 -0300,765,42,SAZ,BRA,false
20810,POOL DE PAULINIA,true,customers/797/site_20810.jpeg,-22.7254447,-47.1457951,2025-09-01 11:19:05.503 -0300,2025-10-07 09:37:49.481 -0300,797,46,SAZ,BRA,false
20720,MAZ - CROWN TOCANCIPA COLOMBIA - FDT,true,customers/1/site_20720.jpeg,0.0000000,0.0000000,2025-06-26 11:20:55.983 -0300,2025-09-01 09:19:58.909 -0300,1,41,MAZ,COL,false
20678,MAZ - SAN PEDRO SULA BEER HONDURAS - SPS,true,customers/1/site_20678.jpeg,15.5246960,-88.0213570,2025-04-24 14:58:17.196 -0300,2025-09-01 09:20:55.304 -0300,1,41,MAZ,HND,false
20677,MAZ - LA CONSTANCIA BEER EL SALVADOR - ILC,true,customers/1/site_20677.jpeg,13.7004170,-89.1804740,2025-04-24 14:57:07.252 -0300,2025-09-01 09:21:01.043 -0300,1,41,MAZ,MEX,false
20676,MAZ - CARTAGENA - COLOMBIA - TRO,true,customers/1/site_20676.jpeg,0.0000000,0.0000000,2025-04-24 14:46:27.030 -0300,2025-09-01 09:21:15.792 -0300,1,41,MAZ,COL,false
20675,MAZ - TORREON MEXICO - TOR,true,customers/1/site_20675.jpeg,25.5451910,-103.4088740,2025-04-24 14:44:34.801 -0300,2025-09-01 09:21:28.923 -0300,1,41,MAZ,MEX,false
20838,AMPARO/SP,true,customers/784/site_20838.jpeg,-22.7182480,-46.7858560,2025-09-11 13:27:15.555 -0300,2025-09-11 13:27:16.924 -0300,784,67,SAZ,BRA,false
20833,BASE DE MANAUS,true,customers/797/site_20833.jpeg,-3.1424362,-59.9617085,2025-09-10 15:05:32.798 -0300,2025-10-07 09:41:50.047 -0300,797,46,SAZ,BRA,false
20732,GRAXARIA - BATAGUASSU/MS,true,customers/765/site_20732.jpeg,0.0000000,0.0000000,2025-07-01 14:02:50.967 -0300,2025-10-28 09:33:06.311 -0300,765,42,SAZ,BRA,false
20521,AFR-MWANZA TANZÂNIA - MWA,true,customers/1/site_20521.png,-15.3864390,28.2480590,2024-10-28 07:59:32.175 -0300,2025-11-03 10:21:50.794 -0300,1,41,AFR,TZA,false
20844,BASE DE PORTO VELHO,true,customers/797/site_20844.jpeg,-8.7065424,-63.9128217,2025-09-12 10:51:26.237 -0300,2025-10-07 09:43:50.645 -0300,797,46,SAZ,BRA,false
20893,"GREENVILLE, SC",true,customers/760/site_20893.jpeg,34.7672930,-82.4323910,2026-01-13 13:11:31.341 -0300,2026-01-13 13:11:31.727 -0300,760,70,NAZ,USA,false
20869,MAZ - AREQUIPA PERU - ARE,true,customers/1/site_20869.jpeg,0.0000000,0.0000000,2025-10-16 10:25:19.429 -0300,2025-11-10 13:34:56.531 -0300,1,41,MAZ,PER,false
20800,MAZ - ATLANTICO COLOMBIA - ATL,true,"",10.6692430,-74.7606340,2025-08-15 13:38:38.234 -0300,2025-09-15 19:35:06.197 -0300,1,41,MAZ,COL,false
20813,BASE DE GOVERNADOR VALADARES,true,customers/797/site_20813.jpeg,-18.8711596,-46.4425392,2025-09-02 11:25:22.279 -0300,2025-10-07 09:38:43.044 -0300,797,46,SAZ,BRA,false
20702,PONTA GROSSA/PR,true,"",0.0000000,0.0000000,2025-06-03 14:33:32.442 -0300,2025-10-08 14:50:35.451 -0300,114,70,SAZ,BRA,true
20826,SBC/SP,true,customers/704/site_20826.jpeg,-23.7454000,-46.5612600,2025-09-09 09:08:00.034 -0300,2025-10-13 10:59:21.871 -0300,704,67,SAZ,BRA,false
20821,BASE DE CASCAVEL,true,customers/797/site_20821.jpeg,-24.9855758,-53.3309230,2025-09-05 15:28:12.508 -0300,2025-10-07 09:39:50.173 -0300,797,46,SAZ,BRA,false
20524,AFR - NDOLA ZAMBIA - NDO,true,customers/1/site_20524.png,-13.0088700,28.6491300,2024-10-28 14:17:28.462 -0300,2025-12-08 09:50:42.765 -0300,1,41,AFR,ZMB,false
20690,MINEIROS/GO,true,customers/765/site_20690.jpeg,-17.5969600,-52.5995400,2025-05-20 10:15:27.111 -0300,2026-01-20 14:25:34.740 -0300,765,42,SAZ,BRA,false
20587,SAZ - MALTARIA NAVEGANTES - MN,true,customers/1/site_20587.png,-30.0109180,-51.2102060,2025-02-12 09:34:52.936 -0300,2026-07-06 16:05:08.811 -0300,1,41,SAZ,BRA,true
20603,NAZ - MONTREAL CANADA - NORTH - MTL,true,customers/1/site_20603.png,45.4254550,-73.6445480,2025-02-19 09:45:25.789 -0300,2026-04-06 13:28:34.598 -0300,1,41,NAZ,USA,false
20721,M-MAZ - TIBITO COLOMBIA  TIB,true,customers/1/site_20721.jpeg,0.0000000,0.0000000,2025-06-26 11:22:05.107 -0300,2025-12-04 17:42:24.525 -0300,1,41,MAZ,COL,false
20880,RONDONPOLIS/MT,true,"",0.0000000,0.0000000,2025-11-21 10:33:55.201 -0300,2026-02-11 16:02:16.628 -0300,753,41,SAZ,BRA,false
20577,SAZ - REFRIGERANTES JUNDIAI - PJ,true,customers/1/site_20577.png,-23.1721750,-46.9576970,2025-02-05 19:45:07.500 -0300,2026-06-12 15:32:08.031 -0300,1,41,SAZ,BRA,true
20751,TIA - ARAGUARI/MG,true,customers/369/site_20751.jpeg,0.0000000,0.0000000,2025-07-28 08:22:28.440 -0300,2026-03-10 08:48:43.443 -0300,369,38,SAZ,BRA,false
20582,SAZ - AROSUCO ROLHAS - RO,true,customers/1/site_20582.png,-3.1043840,-59.9499460,2025-02-11 08:15:32.396 -0300,2026-03-24 17:07:27.656 -0300,1,41,SAZ,BRA,true
5226,GUARIROBA/SP,true,customers/268/site_5226.jpg,0.0000000,0.0000000,2023-09-01 10:50:37.947 -0300,2026-05-13 12:58:19.232 -0300,268,37,SAZ,BRA,false
20884,ALAGOINHAS/BA,true,"",-12.1678820,-38.4484610,2025-12-04 14:36:15.291 -0300,2026-03-25 16:46:53.337 -0300,753,41,SAZ,BRA,false
20383,TROPICAL/GO,true,customers/268/site_20383.jpg,0.0000000,0.0000000,2024-05-09 13:50:07.812 -0300,2026-06-03 12:13:11.869 -0300,268,37,SAZ,BRA,false
20973,SETE LAGOAS/MG,true,"",-19.4787370,-44.2116010,2026-07-14 12:15:03.895 -0300,2026-07-14 12:15:03.895 -0300,742,69,SAZ,BRA,false
20982,QUERNCIA II/MT,true,customers/939/site_20982.jpeg,1.0000000,1.0000000,2026-07-28 09:39:52.181 -0300,2026-07-28 09:39:52.725 -0300,939,68,SAZ,BRA,true
20977,CAMPO VERDE/MS,true,customers/939/site_20977.jpeg,15.0000000,55.0000000,2026-07-27 14:51:42.527 -0300,2026-07-28 09:42:14.765 -0300,939,68,SAZ,BRA,false
20980,DIAMANTINO/MT,true,customers/939/site_20980.jpeg,1.0000000,1.0000000,2026-07-28 09:38:22.950 -0300,2026-07-28 09:38:23.537 -0300,939,68,SAZ,BRA,true
20981,CANARANA/MT,true,customers/939/site_20981.jpeg,1.0000000,1.0000000,2026-07-28 09:38:54.399 -0300,2026-07-28 09:39:12.714 -0300,939,68,SAZ,BRA,true
20983,QUERNCIA I/MT,true,customers/939/site_20983.jpeg,1.0000000,1.0000000,2026-07-28 09:40:23.749 -0300,2026-07-28 09:40:24.663 -0300,939,68,SAZ,BRA,false
20979,PRIMAVERA DO LESTE/MT,true,customers/939/site_20979.jpeg,1.0000000,1.0000000,2026-07-28 09:27:21.499 -0300,2026-07-28 10:52:58.943 -0300,939,68,SAZ,BRA,false
20984,MINALBA - CAMPOS DO JORDAO/SP,true,"",22.0000000,45.0000000,2026-07-28 11:54:08.504 -0300,2026-07-28 11:54:40.484 -0300,940,41,SAZ,BRA,false
20985,FRESHPET ENNIS,true,customers/941/site_20985.jpeg,32.2961080,-96.5930759,2026-07-28 12:32:51.577 -0300,2026-07-28 12:32:52.271 -0300,941,69,NAZ,USA,false
20986,SANTA ROSA 2,true,customers/370/site_20986.jpeg,14.2820000,121.0840000,2026-07-28 23:15:45.789 -0300,2026-07-28 23:15:46.321 -0300,370,41,APAC,PHL,false
20916,HOUSTON-TX,true,"",0.0000000,0.0000000,2026-03-09 10:39:29.049 -0300,2026-07-29 10:06:21.060 -0300,885,38,NAZ,USA,false
20988,RAIZEN - BONFIM - GUARIBA/SP,true,"",-21.4190000,-48.2889000,2026-07-29 14:47:23.729 -0300,2026-07-29 14:47:23.729 -0300,195,37,SAZ,BRA,false
20990,RAIZEN - TARUMA - TARUMA/SP,true,"",-22.7466000,-50.5772000,2026-07-29 14:49:42.048 -0300,2026-07-29 14:50:04.780 -0300,195,37,SAZ,BRA,false
20987,RAIZEN - BARRA REFINARIA - BARRA BONITA/SP,true,"",-22.5900000,-48.6350000,2026-07-29 14:45:46.502 -0300,2026-07-29 14:51:30.776 -0300,195,37,SAZ,BRA,false
20989,RAIZEN - COSTA PINTO - PIRACICABA/SP,true,"",-22.6125000,-47.6297000,2026-07-29 14:48:29.033 -0300,2026-07-29 14:53:08.005 -0300,195,37,SAZ,BRA,false
18702,RAIZEN - MORRO AGUDO - VALE DO ROSARIO/SP,true,customers/195/site_18702.png,-20.6163300,-47.9992970,2023-06-29 10:05:00.113 -0300,2026-07-29 14:55:31.770 -0300,195,37,SAZ,BRA,false
20967,SAINT CHARLES/LA,true,customers/937/site_20967.jpeg,29.9856042,-90.4481669,2026-06-30 12:52:01.309 -0300,2026-07-29 17:32:22.954 -0300,937,67,SAZ,USA,true
